batch_id,line,shift,machine_type,throughput_equal,throughput_unequal,temp_setting,pressure_reading,speed_setting,output_quality_score,critical_failure
1,line_B,day,legacy,99.27520600043788,100.85055951537782,70.57206210625796,175.38693636232307,49.74954051016022,124.10766182325419,0
2,line_A,day,new,102.02927480797622,99.12104527161652,73.06388524139173,182.34072375703698,48.11036339072429,124.07479956594197,0
3,line_A,day,new,105.9117586520977,102.69782944894405,70.06916966244246,175.44892280696732,47.76502618857475,121.62635472474405,0
4,line_A,day,legacy,104.8284221431581,99.73409038199709,69.63099270701815,172.04354939980456,49.115472974831235,124.2511926452666,0
5,line_A,day,legacy,103.6804318056298,100.64516318560963,67.95522816973366,171.69988424202538,55.04287139480183,131.17955214195166,0
6,line_B,day,legacy,101.4532060866104,79.30464233371603,66.43327732418842,165.44940366803715,48.27241841398057,121.4476785346836,0
7,line_B,day,legacy,103.54892077956345,121.0201941297583,70.45808475241981,176.30199068171532,49.605868365919974,121.99704900427332,0
8,line_A,night,legacy,96.94530089598449,103.41912036481763,74.2321990920184,186.1806763242148,54.044755445038376,128.27971891762482,0
9,line_B,day,legacy,99.20012095373127,122.48735691001303,69.81400792045119,174.50981590452227,55.81617682671113,128.273659790485,0
10,line_B,night,legacy,109.57902350285299,108.67249908966355,72.2537093070237,179.15823903522121,48.96292711544637,126.86851777051398,0
11,line_B,day,legacy,103.20735520988897,86.96641895437259,67.04616739748887,168.09273681163415,47.668801435475594,122.4008838466161,0
12,line_A,night,legacy,99.43340386824258,99.3336666705108,69.028689519398,170.8667004721968,51.32845012753005,125.97207418153671,0
13,line_B,day,legacy,101.15444457257496,111.38018564274849,69.94360631449331,174.90043924708584,52.643951380353634,127.24664972833651,0
14,line_A,day,legacy,101.59000386870336,102.26241199073647,70.68856533265189,176.09337143716883,46.459018203701945,119.96984894441125,0
15,line_B,night,legacy,98.57147148299826,102.47917341863503,69.88384224769203,175.58473424159743,60.19794646818629,132.28278470019953,0
16,line_B,day,legacy,109.26429754883358,90.74328687685092,69.94274266015962,175.65297964641744,47.650053830597756,127.09788163112613,0
17,line_B,night,legacy,106.24389869338327,110.19964767302656,69.3347459860532,172.8953445435816,53.72371246917853,131.95699861340282,0
18,line_A,night,legacy,111.7473875916626,93.79186183691527,71.5187707158398,179.7327171487516,47.169065111478496,121.54577146108232,0
19,line_B,night,legacy,101.5023448408056,129.41075240114859,71.2248178523892,179.09719452836566,53.71655277780052,128.34122010319936,0
20,line_B,day,legacy,96.92522348190434,104.50395414918977,68.82811149867322,173.0464234583375,58.00184950068719,133.40691195282696,0
21,line_A,day,legacy,103.71022079966602,100.40135387016153,67.51604873098152,166.61572691625315,48.417523536816375,122.64436776908516,0
22,line_A,day,new,99.52991595317474,92.91014912722547,67.71553104318619,165.43431850760584,43.1855999642354,116.78075532624108,1
23,line_A,day,new,100.93156002382202,98.33659045699072,75.10868254293948,187.65819834179746,52.36613863360952,127.18026424538388,0
24,line_B,night,legacy,106.9255084652846,102.83494483896598,70.9945152496431,174.0916869573203,50.34715788518998,126.21456288667352,0
25,line_A,night,new,102.1660725530069,97.26668169887174,72.76593453932945,182.3691609934841,43.53737387674325,121.69091707974553,0
26,line_A,day,new,99.0398171100986,101.65645857388323,72.47341997730685,178.89426237665043,56.94479172002546,134.26666731731535,0
27,line_A,day,legacy,103.66748882441709,98.30936999781301,70.28668387334821,176.3441665818682,48.24162946039453,123.96835405319582,0
28,line_B,night,legacy,102.14229192290574,92.12208414126519,71.03451666533837,175.80803423531552,45.24877918417924,122.03504383715021,0
29,line_B,night,legacy,107.7033614612352,98.85328383665005,71.2552782321873,175.06029274594954,57.380117736834315,131.82938649451185,0
30,line_B,day,new,103.02059370539438,121.67387902785173,65.48514540739338,160.6807139933201,51.04619320593426,128.95111176755924,0
31,line_B,night,new,110.02624355413306,100.12524825778803,71.29262232293071,178.5076754423343,52.130135072156534,124.90839667261054,1
32,line_B,day,new,102.67265629562495,97.54237036785518,67.97542620259952,166.82672643925454,52.066836893360716,129.25415570692738,1
33,line_A,day,legacy,105.51102699924205,107.43821976945925,67.79767812333638,170.3755108312075,58.571198512028374,130.2750457519813,0
34,line_B,night,legacy,110.86997858683411,97.85543523985979,70.8654201065135,177.46363379126728,50.81365454476258,126.46977649181602,0
35,line_B,day,legacy,106.94825508336108,106.28727465705559,78.35777443850372,198.02175400141385,45.673523119845726,123.01979949135782,0
36,line_A,day,legacy,112.32188068282191,98.42718272295116,64.93759776205826,164.37187800024824,39.26095456439307,115.32242355697252,0
37,line_B,day,legacy,96.22178481238163,92.08738300747873,63.89240864890909,161.92781116409407,47.92655743026744,122.57310025372529,0
38,line_B,night,legacy,101.47205361556058,107.70179633283293,70.30965430201806,173.98367882846048,56.41262645914527,132.39347092695476,0
39,line_A,night,legacy,107.64192183850271,95.75750074997606,64.00890213141982,159.32358056617431,47.39898531027928,122.64144141341428,0
40,line_B,night,new,110.7311505028193,94.89938381234974,69.5703507641825,175.09652263742262,47.651185454339185,121.15654823445739,0
41,line_A,day,legacy,101.58334144512612,91.6588915472571,63.741060249790316,158.57500828574993,55.94139820199938,128.4755257085256,0
42,line_B,night,legacy,104.3436406012556,109.5716648862869,71.34902776699363,178.55657567133213,52.28544228168799,125.60701511200303,0
43,line_A,night,legacy,96.93049929233773,99.8989680822281,69.82333043166204,172.51834539167484,47.91963757142424,124.02594030710665,0
44,line_B,day,legacy,100.33175309953192,120.19173699502862,67.21823003514544,168.79058416820956,51.418750062290556,124.04909135056822,0
45,line_A,day,legacy,93.98889314429015,98.65932745202987,73.64602317320995,184.1459980710108,50.21081209571751,126.36042666199069,0
46,line_A,day,legacy,105.002161416555,103.07901756516975,70.57004710681365,174.76570951262312,51.99678943291663,125.0397017551958,0
47,line_A,day,legacy,106.17582829877637,103.4940349243326,71.88603380145825,181.66497965848933,50.43669218194543,125.9281054651425,0
48,line_A,day,new,107.50681462063146,103.07716840472733,66.47873373403453,164.43551211185468,51.11720513207519,124.7541110129303,0
49,line_A,day,new,101.64281629213647,96.31514103297108,71.11890363277769,178.65571191372115,45.2361104892,119.31696763256858,0
50,line_A,day,legacy,100.17505421569523,95.0273715364277,66.57662548561976,168.14717803588746,53.268542103246276,128.02088240332202,0
51,line_A,day,legacy,99.68759915384743,98.3060199218375,77.12528005269021,192.75139473271577,52.18690154758803,125.8420527688451,0
52,line_A,day,legacy,104.21262789160765,96.36058605261002,72.77569949124573,181.81003996899432,52.53122927246438,128.14938038530084,0
53,line_A,night,legacy,89.76495808618871,100.53602037563506,70.55014563845029,177.9458495128389,52.62973108241982,126.09845973325568,0
54,line_A,day,legacy,91.3523890078065,98.80019450110808,73.27575137012182,185.24808199922234,49.93328774491994,121.13472481909373,0
55,line_B,day,legacy,103.41797077699401,97.80603248944136,70.4777682099323,176.06466823004925,48.883426763379006,120.00533258859129,0
56,line_A,night,legacy,87.65231387336466,102.85548408524336,69.46447887592696,172.67136152805438,37.40422158849179,110.73858089566237,0
57,line_B,day,legacy,108.72389739475962,106.42453934255946,70.45977779237991,174.39707444387187,50.60087444048899,127.16142484876448,0
58,line_B,day,legacy,104.86081028760368,111.68261813571516,64.61335290992618,160.4766503927022,38.16016942721531,114.51790660447877,0
59,line_A,night,legacy,97.82698055028271,97.89525615433455,68.67296160698102,174.02932242027848,51.505774187075566,124.16497811411091,0
60,line_B,night,new,102.02648313869031,109.95273209417529,70.67555707003437,173.94040366328568,52.89997135715315,126.7157283650908,0
61,line_A,day,legacy,99.41689289627335,92.58834758342286,67.79979376219765,168.41536845321497,52.734232478010945,129.39828345758778,1
62,line_B,day,legacy,94.52386516169743,108.3520628114487,76.27706684831007,188.5320872693329,49.26380988377912,121.74084265225817,0
63,line_B,day,legacy,111.37846803288731,116.15392239699338,68.91583214285316,170.79039764773157,53.451091456073684,129.0454417543054,0
64,line_A,day,legacy,106.01590015602466,102.74022973552842,70.75663337936685,176.99823981129012,55.47853758216162,131.40737272117033,0
65,line_A,night,new,100.24976109183997,110.29122575611986,75.963630509439,189.73999488014064,49.03140121781026,121.18332562003232,0
66,line_A,day,new,102.68011023403837,102.55328815411193,72.38540314047691,180.27960588101263,49.58907304232255,124.07731938048775,0
67,line_A,day,new,99.42740422524645,93.76719234745039,76.44496514398026,191.17657379416082,55.12410569518303,126.29952626161716,0
68,line_B,day,legacy,98.35050386997952,78.67026527698303,70.48315259361428,176.47461316824553,50.81531709436045,127.33886896358844,0
69,line_B,night,new,108.28295457070251,101.54380469804643,65.46389355091584,161.22872432112496,59.52573963974771,132.46916081876088,0
70,line_A,night,legacy,97.56800304037189,94.04816603641629,62.55326725487967,156.53578959502732,49.0308822459702,121.45490904939311,0
71,line_A,day,legacy,94.5382258105561,106.40900751838248,66.25250452572185,164.39679182750808,51.45258264756483,126.39977790066702,0
72,line_B,day,legacy,95.24074646617322,93.60097114270464,70.64577169494468,175.57142785759626,46.55288118537925,121.59198396552877,0
73,line_A,day,legacy,101.28252546994996,99.45102231334667,72.80896920186471,181.08438425772383,51.19022498259051,126.68516091032656,0
74,line_B,night,legacy,100.2206261075972,107.07801630964977,72.99564144580032,180.50577119825712,48.14116044233091,120.44929837368879,0
75,line_A,day,legacy,99.85326725541978,99.95534827372823,65.99757736778658,162.15257512180557,43.5339787875159,122.86011913277936,0
76,line_A,day,legacy,94.72426969017408,97.70030304523974,67.95763939902581,169.63821575060956,42.344163147121925,118.79557102944138,0
77,line_B,night,legacy,98.65374489099577,116.78767345355456,71.34630028648176,178.99621604900977,51.538192755330584,124.56616886681657,0
78,line_B,day,legacy,107.26573741903368,105.71852434416311,63.32878536940061,157.5108900889237,46.67740219018631,124.90341008717142,0
79,line_A,night,new,97.2153788222377,103.96895791871276,67.26687091408091,166.03760566070187,49.563340573202936,124.76878363104149,0
80,line_A,night,legacy,94.66217925867804,100.84099640995265,70.65432820897634,177.1078032276251,49.72306634543805,123.10209021419524,0
81,line_A,night,legacy,95.75439218097127,95.1790215119218,70.48918204124939,178.02874440659127,48.256447701771194,122.69234102429644,0
82,line_B,day,new,100.09589792477794,97.58662337346495,72.77161877404178,181.7201123111284,56.766106505313076,131.9579644106964,1
83,line_A,night,legacy,106.22571545468881,97.98858914151967,70.26655153428558,178.2368018896019,49.082275879067396,125.16824450917098,0
84,line_A,night,legacy,101.88419036501227,98.83974922014453,68.99646161427275,171.9648756372108,47.65993506803294,123.95679102808568,0
85,line_A,day,legacy,102.638838254888,98.09852082766925,67.24231545393668,168.4612175821006,46.03602574893655,122.04011906904557,0
86,line_B,day,legacy,105.82683562673854,109.2501827669822,70.87311849799787,176.94914404099438,53.3590794117491,129.6099965652286,0
87,line_B,day,legacy,111.70577271883639,126.90051266157872,69.09169531031007,173.87695891017273,48.32737078405833,123.27962434351453,0
88,line_A,day,new,95.26142216023284,102.9696668241799,72.26088820180017,181.31623485429225,54.92244257524537,128.84130003683399,0
89,line_B,night,legacy,103.61501937813954,100.9779152403796,65.869221020084,166.0304704216076,52.11810931191989,126.71282112752534,0
90,line_A,night,new,97.13639636546486,96.5090786033563,75.33344595566723,188.54964701023255,48.081632167457116,125.48422023030864,0
91,line_B,day,legacy,98.54791545815065,101.6064885429178,67.82536714947996,170.92111005273202,51.75895792093165,127.06372643442754,0
92,line_B,day,legacy,101.41736668230068,107.80004420719233,68.7430351686065,173.23026528417148,52.19035406628873,123.60170262818738,0
93,line_B,day,legacy,97.95875795071453,102.08560454261858,72.11625419520362,179.97671147945405,46.68667869549174,119.76017680550511,0
94,line_A,night,legacy,106.11314770338333,98.28004660591513,71.90645712006244,179.10099520843863,50.986793055537234,123.86592912136469,0
95,line_A,day,new,96.59286748526091,106.57019012733002,71.5867132703616,176.07691883662193,51.439838850549734,126.43800874483529,0
96,line_A,day,legacy,96.88978467361788,106.95773537947287,68.14200392354962,172.0450597534902,50.358592054592776,128.49793956771634,0
97,line_A,day,legacy,103.34122945492201,107.6047738380434,63.48360554394338,159.11761565766986,52.48538661794999,124.0313933730793,0
98,line_B,night,legacy,107.1901346199037,112.92795567919025,69.43279998486777,172.21508376229718,49.47793144926646,121.16865213231407,1
99,line_A,night,legacy,105.8898765163452,101.67355883223955,72.08157576134573,181.03146158993974,56.37828408856346,127.5239490452323,0
100,line_A,night,new,106.17850109509592,103.35805536103331,71.27974820120367,180.79940255397148,60.23798375385719,133.9565868150064,0
101,line_B,day,legacy,106.48160246686116,91.58834360280548,72.82001964929601,182.93288865709945,48.438647700257185,122.30424882175183,0
102,line_A,day,legacy,101.11494605411495,96.80885103894474,68.85120484793562,173.20654860454493,42.41718748849051,119.69610708514799,0
103,line_B,day,legacy,104.51439295079507,97.6941542067948,67.58917650162991,170.616530138028,51.59710293659735,122.7132651845803,0
104,line_A,day,legacy,96.91474589415935,97.19926796300356,66.3513514129204,166.5507990784655,51.89024240162422,127.36905469488077,0
105,line_A,night,legacy,101.81158080814183,94.04532038516567,71.69596056132626,180.9150366788358,50.69850267643553,124.33398508905941,0
106,line_B,night,legacy,97.6960760472793,79.0547905023167,70.64146202008875,175.74661246401277,45.05501459602602,122.64749566917574,0
107,line_B,night,new,92.00829664141887,103.96336735239193,69.81308214620272,174.2627890880021,51.56966851830602,126.46080565848479,0
108,line_A,night,legacy,102.56919549921491,101.99072788492977,69.74646146318939,172.08321059981148,53.50242738240389,126.6722319237326,0
109,line_B,night,legacy,101.21275149772222,105.43959507413261,69.12557477612964,172.33444390211983,46.7863209566438,119.39684282927949,0
110,line_A,night,legacy,98.92184890279329,102.87284472538774,68.75035516561734,171.59652756758314,57.434413584012454,133.964224863101,1
111,line_B,night,new,101.35340551351062,95.83097590731835,71.97089070988943,179.2658151220813,46.765075897868044,121.0496897924035,0
112,line_A,day,legacy,98.84751767148715,102.38948472035172,67.64642784654563,168.68996840274662,53.228772556978925,125.32861723006353,0
113,line_A,day,legacy,103.8252938095189,98.69380537320104,74.54904489776509,183.81148161553463,49.54846379196153,122.74197688765412,0
114,line_A,night,legacy,109.83904480584394,98.48781145022497,74.53917543466102,186.25542364649684,44.29703335393261,120.00571927683335,0
115,line_A,night,new,91.63517006899224,103.81611389300318,75.15823392103903,189.41449694727882,50.12888088406533,125.46990960567092,0
116,line_A,day,legacy,100.2154222803551,95.97336867321941,73.70658905489452,185.61163268851405,49.66813333171724,123.39043784262853,0
117,line_B,night,legacy,98.10227690858306,94.47797506586832,68.24963290637874,170.48822834440696,60.7747919194356,134.19912331876031,0
118,line_B,day,legacy,98.5089131481785,105.86988505783802,72.81471857552027,183.1411804079412,54.511011474040394,128.14208388573226,0
119,line_B,day,new,101.10381264478515,130.2700801500331,69.68153963409627,173.87723062706706,57.80976118172712,134.23742837957076,0
120,line_A,night,new,92.11377660042014,100.83209075666926,70.35237634553687,176.8008656919272,56.191852058668914,129.11146169251253,0
121,line_B,day,legacy,106.92123429461155,90.19144200826575,71.39292712830729,179.12852960764,50.37285090564429,123.51492011894635,0
122,line_B,night,legacy,92.53888020778851,107.73922970659119,69.3329335286375,173.1885561113584,47.71770120135579,120.66621412387974,0
123,line_B,day,legacy,100.504442088883,101.0467831667132,69.99654727359935,172.27034051198618,57.43429311216939,131.04442729188054,0
124,line_B,night,legacy,107.49011622823006,77.78469322577276,72.2168971020298,177.30540123700956,45.7685610340093,122.71616294142508,0
125,line_A,day,new,100.37272589286121,104.93184964983713,72.84809935483237,182.95347985380957,50.35935036260432,125.24554724999093,0
126,line_A,day,legacy,98.46881797705639,102.14804812078945,72.3698743542584,179.44313074199846,47.830636834278295,122.86032134817175,0
127,line_A,day,legacy,110.20340567710205,101.64852166652042,77.60892501664969,195.10592290826207,53.022610320101336,129.7421581517276,0
128,line_B,day,legacy,92.09796789649285,112.08280743978658,76.38786960001897,193.96217029416817,58.17634003617545,133.83112491190263,0
129,line_A,night,new,102.71973953747253,102.07124549340001,70.30214403700883,176.91933104251245,49.35783983866434,124.7617973198657,0
130,line_A,day,new,94.6955100443583,101.91694811548359,70.4154202980488,175.70649821034544,46.05201436841533,125.26957164162229,0
131,line_B,day,new,102.19298923124288,104.37508495870829,71.29415869341253,179.70172215141068,54.38615534065376,125.84890554150893,0
132,line_B,day,legacy,103.15639732837448,95.65508603564308,71.94989782166718,182.24728987559288,43.87958887045579,121.93119963665862,0
133,line_A,night,legacy,107.81611809215627,99.4794268711869,74.8602717276504,187.10021502384404,51.58780845196687,127.79036717491218,0
134,line_A,day,legacy,92.29569730504633,93.30133514589332,67.94940583319874,171.6986905557578,47.76747522538032,120.40501425535439,0
135,line_B,day,new,103.51609337696195,101.9493667914239,68.1971333871848,170.88339650521306,52.259332681611625,129.3693947885195,0
136,line_B,night,legacy,112.08558781046408,96.80073588363737,69.68185830302907,174.9250263805837,51.9774955285263,129.10682248540192,0
137,line_A,day,legacy,103.48842852409567,92.54811301668354,79.107278333093,196.17377743223233,46.18952149021336,121.20538609011535,0
138,line_B,day,new,102.85995800162463,116.81871925179972,74.01711891597978,184.67796659494957,57.72752172580446,130.3053706343687,0
139,line_A,night,new,109.09448744512619,101.09947652006419,65.25040008499396,161.94607262065367,55.79332673266297,129.0535192267834,0
140,line_A,night,legacy,102.03708231406982,99.07287284688107,70.38806429176375,175.52760448404283,46.60595731552239,124.58489380485236,0
141,line_B,night,legacy,99.54806563823618,94.57090519268078,64.51019617100903,160.249581307208,45.67667592358396,122.04757124121109,0
142,line_A,night,legacy,103.65664972810035,107.2794764394612,71.32107876960818,179.42673570943097,48.586042695518486,121.58683990139184,0
143,line_B,night,new,100.74990116676854,86.66974823596414,69.4590179956802,172.04706478241982,44.94779530482524,123.33895006274517,0
144,line_A,night,legacy,102.76360507726699,100.59317479946836,74.02920175103925,183.99715165361334,45.91765154434831,123.19871935115144,0
145,line_A,night,legacy,99.44007183907921,108.6665918029486,74.06672125741233,185.5901959329221,54.39418801487428,126.55756611330129,0
146,line_B,night,legacy,103.2001268867639,102.51224774673582,75.18979680807561,187.44556602174748,50.313867304401,125.82824110973691,0
147,line_B,night,legacy,98.40791298901561,95.98087566138564,71.15647120726842,176.9594790358053,53.19777911542182,127.88388051895066,0
148,line_A,night,legacy,101.56092414142896,96.69679095904013,72.08661809523754,182.02088675290017,58.78496929377012,133.1044400876919,0
149,line_A,day,legacy,92.63237925488383,105.81729084255618,73.66617922278733,183.7164929254016,49.72308316101631,126.11044267544791,0
150,line_A,night,legacy,103.00250437662218,102.06397813253702,72.09825598306001,182.36428105878966,48.02551578344898,124.1031322489097,0
151,line_A,day,new,96.70465549048863,105.50274780225071,67.73764846777698,167.79032512329402,50.04713099354536,126.86378657300725,0
152,line_A,day,new,104.40250051582757,96.69863337191478,67.38009736258438,164.11304223611725,54.320297120141504,128.56811072838983,0
153,line_B,day,legacy,95.27450882793043,120.62237143915834,71.69372156668867,179.3243530782668,51.11671328470255,125.35662725359903,0
154,line_A,night,legacy,98.55811171565331,96.95526764960103,65.20506643160556,163.1901173925721,42.758408679106886,118.23514623199686,0
155,line_B,day,legacy,98.96037502209525,100.9771154644866,75.13972797415482,190.11759169692326,47.47783461992468,117.03735412267415,0
156,line_B,night,new,101.56943880854111,116.29872664288497,67.34237128940751,166.87429836971978,44.30679154110902,119.37985710220065,0
157,line_A,night,legacy,99.64478214132988,97.95577466877387,73.76437280130413,184.670347429086,45.91993797718941,123.8501071463399,0
158,line_A,night,legacy,99.09726429049067,106.13762284615048,69.48658085808563,172.09588798455758,44.017774153776124,118.25932978199805,0
159,line_B,night,new,111.2667588931554,101.77314344057649,65.4982640898274,164.31909254576945,52.2031793438323,124.3109078745295,0
160,line_B,day,legacy,99.80451701422928,88.5003199860603,70.85676451074653,178.60528503919528,53.441081939128146,129.03473608665948,0
161,line_A,night,new,96.1097641435679,102.12812440357268,69.13250767396909,173.1815218915512,49.51774800994711,129.42125868164797,0
162,line_B,night,legacy,99.9701531938429,126.57756065949623,66.08537892276786,164.0482736045879,45.90352149263632,120.38400199137274,0
163,line_A,day,legacy,102.82194656455317,105.15112753312012,73.3157537489754,183.74118642551946,50.610452750422176,126.4433885256217,0
164,line_A,day,legacy,98.87318384591539,95.75694231788796,70.39358840618885,178.16542464213885,50.19793070646122,124.22788637448075,0
165,line_A,day,new,94.94295219739642,106.76531545788846,69.8469775034656,175.93960552329338,46.32111539190973,119.17246853745819,1
166,line_B,day,new,96.09310412017463,96.53036949843266,75.23788133047415,187.22080252489212,46.75736231181639,121.17757498697476,0
167,line_A,night,legacy,97.85720119440738,105.13837290747637,65.59055157274587,162.0370933143713,49.62507045322375,123.7969705710436,0
168,line_B,day,legacy,109.70034431812029,98.24487364072354,74.6952179682867,186.786432739673,49.02246721642144,123.41799292971889,0
169,line_A,night,legacy,99.2451128535352,97.63465279482553,72.20918208331653,181.77635420083843,47.671319975986634,120.59497970595558,0
170,line_A,night,legacy,102.13607031739294,97.1441409305455,71.25627729615498,178.52482093132548,50.06227739976675,122.40222857514746,0
171,line_A,night,legacy,101.14463665089677,99.85677866776673,62.386758725307885,154.78866425930198,50.42653817297771,122.45624680939102,0
172,line_B,day,legacy,104.8399880120958,116.08447984155677,71.57526611969428,177.64857714240662,52.637909620101546,127.20015376404618,0
173,line_A,day,new,97.78751434407604,102.3044561306306,69.04538071290408,173.6437385257882,54.69294765163142,129.20355398711303,0
174,line_A,day,legacy,101.50770281958836,99.34716130235527,74.91095059700773,187.12591231179573,48.66401636774747,125.70135949043441,0
175,line_B,day,new,107.02751781379071,115.70207821773738,69.81753398481136,172.71265435729418,51.77456843763187,128.32390419833902,0
176,line_A,night,legacy,111.30665350836827,102.59092320893444,65.70426350353924,163.08526247468302,52.90054513874535,125.86260651086778,0
177,line_B,day,new,105.34957856735375,109.03909889620289,68.35440359785441,171.6679487879774,43.2130493145374,117.62512356998676,1
178,line_B,night,new,99.4391774407979,108.2696088497955,68.64014865491819,172.20851691074682,50.09782768817057,123.60498508195441,0
179,line_B,day,new,104.03846197821467,122.94829172187727,71.12080997800155,177.07678778067483,48.79700817464679,121.1667975144547,0
180,line_B,night,legacy,98.05789035530788,120.10670562554907,69.09281118930913,173.4669201346853,51.137643585872375,124.8770642022844,0
181,line_B,day,legacy,105.36758439386864,112.90008040016026,73.40184802364121,183.01463236617755,58.09006898735364,129.22002658665048,0
182,line_A,day,legacy,98.737392377624,95.36874016967398,72.29564328945813,178.94299789233287,49.01700196989897,120.51412921233032,0
183,line_B,night,legacy,108.99006726908345,105.32833002514583,68.30480390660419,172.11294489876073,53.16703660411622,129.26725776338938,0
184,line_A,day,legacy,85.97121755730188,105.37541819553847,75.79182401753079,189.05284330535193,54.03883391013362,128.46880371241255,0
185,line_A,day,new,94.35346154775098,104.8108635143568,70.84668454680774,176.44004276838007,52.32051610957716,125.40686045261792,0
186,line_B,day,legacy,115.92116839699983,81.2857435826824,67.0047553212828,170.3036624119095,52.35983204876853,128.0598624522935,0
187,line_A,night,legacy,96.78553506470273,103.61009768961553,68.26019517532187,172.47510360882467,45.552416869232474,122.07670797829161,0
188,line_A,night,legacy,105.9734974252911,95.91341158728919,74.21401813504629,186.02603030737473,49.59223364964922,127.2656905591584,0
189,line_B,night,legacy,98.57293519264935,107.18642035824857,73.96270973087982,182.82601903891958,50.220309979352926,124.26887423224674,0
190,line_A,night,legacy,106.17672842054654,103.93051331353693,72.730042745162,183.07330969777598,49.43813207505878,124.69976056077604,0
191,line_A,day,legacy,97.59532788872829,95.60065007427119,67.15576900273291,167.86920253604032,47.266647271131376,121.67173060415895,0
192,line_B,night,legacy,109.17430779973868,98.7673335001372,67.78425432139859,168.62348556272843,52.69357276197785,126.16515324855669,0
193,line_B,day,legacy,107.3930037671118,121.72624881490377,68.59492903381559,168.72127107153204,49.950497322541565,126.79245367677748,0
194,line_B,night,legacy,97.18179623809087,102.18547020428902,74.7512062269897,189.57772410393324,44.659864530165684,120.95943843981914,0
195,line_A,night,legacy,101.14790507323242,105.59570094839897,69.99835127306838,173.00056433019958,47.62938256449558,120.73875462275493,0
196,line_A,day,legacy,99.50438308414297,95.00592317595115,72.064422538561,182.29643531501947,44.293205988001986,119.84181495007425,0
197,line_A,day,legacy,93.76637092948269,99.21971215585852,65.3875004654031,163.65660740446765,44.20522726418159,120.90588665155403,0
198,line_A,day,legacy,100.4521388726678,103.38276992136981,62.994816273651594,155.9073008315529,52.824563294849874,127.10428819166074,0
199,line_A,night,legacy,101.85328919141008,95.84656337812774,69.78818811061906,175.36545557828535,51.89719596939734,126.47920958762109,0
200,line_A,day,legacy,94.6836621547649,92.37577191964411,71.58668009623666,177.7192776790698,56.554216991465324,135.3711071361593,0
201,line_B,night,legacy,104.22185187564872,101.2311917276406,70.48981206106608,174.91645719441618,45.08668730069999,118.83280291325501,0
202,line_A,day,new,101.19557885304772,97.921465258687,71.19035363818936,177.75100641352472,52.15138387823355,125.63400494977445,0
203,line_A,night,new,105.66525006186325,98.08957748078694,69.44423739944972,173.0611433019491,52.06050933077746,129.68411300990093,0
204,line_A,night,new,91.4394707888654,98.1561964985206,70.65351758832875,175.20505009836438,52.312592110988774,127.26366511066692,0
205,line_A,day,new,100.96643871460157,100.49195205176068,71.33724529767566,178.4396831859764,52.8087992189533,127.18873797000029,0
206,line_A,night,new,103.94900362178646,99.6844167398088,68.94361322597278,173.10341506614355,52.29560670531082,124.55129281658434,0
207,line_A,day,legacy,105.15990719788864,100.19766511956283,66.15815617077908,166.90678226221112,50.265157522671295,125.82320440623973,0
208,line_B,day,legacy,109.8152177818381,100.46638158374684,69.1163705647744,171.42623286990616,47.026247324464244,123.34387708129307,0
209,line_B,day,new,99.85813446873075,109.5491057817163,73.86189607676482,184.2371460486786,54.09309199077998,130.87567535679608,0
210,line_A,night,legacy,94.44486472635869,96.4719398708368,62.91629675162946,155.29893558614845,40.02733148851305,118.56315198342224,0
211,line_A,day,new,98.06802895313291,98.14776758756814,68.07262693331613,172.03856463713524,46.05306847345875,122.10046065789462,0
212,line_A,night,legacy,100.20407265856258,101.63930574458479,69.99215674640017,176.8087111753053,50.42255071757476,124.07083679245653,0
213,line_A,day,legacy,105.3063454715856,96.1612465374389,65.68048794709325,163.62481729386934,45.892157066536456,118.91258414423663,0
214,line_B,night,legacy,105.2077141888517,100.28367365855202,74.77715361040543,189.2009565317632,51.06532369071403,128.90865121672263,0
215,line_B,day,legacy,102.20827049390222,110.41300741321457,69.44305312216395,172.72774368269722,46.25439346805939,120.48073641668138,0
216,line_A,night,legacy,109.84899895412082,95.32929683402138,70.9520474479408,176.3427793253018,55.61494612419824,132.37235437125247,0
217,line_A,night,legacy,101.1484375634625,99.71574212182739,67.6334736045476,168.17422526859966,47.807730390010526,124.47591939462582,0
218,line_B,night,legacy,104.76605329455573,117.6116885813747,68.16785272955964,170.36138562891873,46.77974041640716,121.61037903585641,0
219,line_A,night,new,106.43534771403034,108.8847980626558,69.64713206126486,174.5269541513849,48.456759718779125,126.39956480189242,0
220,line_B,day,legacy,99.35984809404778,105.34474249972278,68.5680322358423,170.89296986599942,51.54015745751257,126.29516320134834,0
221,line_A,day,legacy,99.13378573462707,108.6352041000474,68.33862475695727,171.6297543407395,47.36298746188441,125.17022834839202,0
222,line_A,day,new,98.25108638562516,90.44588053506284,67.22995096173679,168.79602049648813,45.10428384365839,120.14796285811522,0
223,line_B,day,legacy,103.45921373442148,111.59859293624397,71.78213098031301,181.8094920325776,48.39081447416959,122.96484388641538,0
224,line_B,day,legacy,105.40520935056215,110.80846191409415,65.54375288586229,162.82170172507068,45.34784495956442,120.63945252319635,0
225,line_A,night,legacy,105.43356376091424,98.089353348057,73.49893783329262,185.12302455553922,48.9049826792668,128.16625111835754,0
226,line_B,day,legacy,100.3033881347435,110.98216784456079,71.1088177258387,177.7508453509479,49.02005763510836,124.95521443214673,0
227,line_A,day,legacy,108.19976717369335,99.29384347747738,69.28892576076669,174.47264140608652,47.10355387559226,122.37634916323876,0
228,line_A,night,new,109.42758444796796,99.35802490181655,71.77702913411991,180.3889890815607,52.44157599288304,124.05916507430983,0
229,line_A,day,legacy,96.42519506293476,99.65775100205381,66.00542634468437,162.0272028772403,54.00545997705107,127.22896598256435,0
230,line_A,day,legacy,94.99455584182202,97.43372405672928,69.45816951868073,174.3879829824686,42.57514704729139,115.81007600762088,0
231,line_B,night,legacy,98.87365740944273,88.57148046952648,66.67506188793199,164.75312302659574,57.249706708437856,127.46705422911042,0
232,line_B,night,legacy,102.67636745808495,96.20718237019017,69.77504003615735,175.49962864430972,50.26272447154006,123.54147608632833,0
233,line_B,day,new,100.494469024735,107.82579556421469,68.05041890072866,170.79305049261322,51.043082328434835,129.80035852169465,0
234,line_B,day,legacy,103.18240715608702,108.45281674004138,66.48980587489663,166.10354740656388,44.45528982391717,122.28578874630416,0
235,line_B,night,new,99.22161578767269,105.15773919076688,66.82048560437644,168.21748874639647,41.631031647520935,119.45846504638713,0
236,line_B,day,legacy,107.48207939078489,79.27319376946636,70.85101658126713,178.01225337882144,57.26743036589909,130.62243158410212,0
237,line_A,night,legacy,108.37995997084549,99.05691961593847,67.66572644344598,171.14059294311883,50.94016370872053,124.61701203162471,0
238,line_B,night,legacy,104.35667739149632,93.82016211812277,66.24688072912318,163.8315959349409,54.82818107022846,126.03557173937011,0
239,line_B,night,legacy,95.9529903462651,83.69669876502402,70.2668579788025,176.9946419914238,52.57443284307014,129.0531102041265,0
240,line_B,day,legacy,110.28267446480478,120.48581597733548,71.08490382038481,176.89739268633883,45.3999925055502,120.20709506271653,0
241,line_B,day,legacy,98.83883164465318,87.76055417058254,69.51232006879509,173.93083005706941,49.513966689094666,124.11640027675541,0
242,line_B,day,legacy,101.31033997952196,104.6597993555838,65.99852636538301,164.6920718133198,50.24948782870099,126.52791770133058,0
243,line_A,night,legacy,89.39276985716877,95.20686371255586,73.33229795507118,183.29862541869446,49.997242500834794,122.77118196411715,0
244,line_A,night,new,98.95387701684956,93.39760794512753,69.75555616564424,175.1560133414382,49.50279888678179,126.52228525491839,0
245,line_A,night,legacy,96.90860187658276,95.40207766980907,74.17708529730095,185.27741847564172,52.89388900195933,124.36429567951465,0
246,line_B,night,legacy,108.75382420353392,111.61602106444272,69.5926222754285,172.0532625768065,46.46983144279818,118.69604171252254,0
247,line_A,night,legacy,107.05238737047573,99.83759710504394,72.71334870346944,185.00534988204157,45.91613662139644,123.27264796048517,0
248,line_A,day,legacy,100.70179496587609,102.43945072558847,64.93814518009845,162.66529371212457,48.04423250134471,123.87070262478086,0
249,line_A,night,legacy,102.69942934809276,109.30531002975076,68.82252163869406,171.83504175068742,51.08762157309109,126.34583967537326,0
250,line_A,night,new,100.90819556190131,97.18730094014549,68.56179731546408,173.02598932505103,47.39193906080418,118.73872858925733,0
251,line_B,day,legacy,99.03097988296366,94.42904747069515,75.20623246915049,187.67187696118037,49.005101925087054,125.6275088105977,0
252,line_B,day,legacy,113.3082484125646,90.40865695173083,68.20570057338213,169.80877803041378,53.482027927302305,130.80772219520165,0
253,line_A,day,legacy,98.72754044398383,103.81352182927091,66.20488570189039,168.28351187107592,52.47447182372704,126.46689415430727,0
254,line_B,day,legacy,91.36773173200574,101.71751358816948,68.30750851609412,170.45494151794506,47.9383409346766,122.20322035955051,0
255,line_B,night,legacy,88.55672939904284,81.15267617825704,67.65779249626966,171.79475401723235,38.90607340656583,118.48176582677165,0
256,line_A,night,legacy,102.93555926579927,99.66262337771646,69.82773094673992,178.05626835257019,45.0038342339436,118.8793276093618,0
257,line_B,day,new,104.11837072707402,102.01455960973148,66.92864381704346,165.54435685246054,49.60993678757813,120.36778269545812,0
258,line_A,day,legacy,95.31507940528533,98.41245014439943,67.05062859253327,165.43706321289463,51.99652071099982,127.80533188992615,0
259,line_B,day,legacy,95.82219431284558,96.47063919944326,72.15901414589543,180.41773888574684,46.17367715633303,119.94741247802497,0
260,line_B,night,legacy,103.40564872375126,106.97495568501219,63.13693301180478,159.62592946610513,51.82543936791697,128.09172577165674,0
261,line_B,night,legacy,98.78690101538517,82.80206757347213,72.06233752488498,179.20240047129013,48.18219034976575,121.96803694428829,0
262,line_A,day,legacy,94.79418922746302,102.63663376004247,72.80729298657312,181.3062578689457,51.68878505371553,125.95441372906821,0
263,line_A,day,legacy,97.84692650123795,99.3432486231344,72.79413999387454,179.9634806177385,44.80179946009861,119.43804443158871,0
264,line_A,night,legacy,99.03001842374773,96.84404993557918,64.94706807139363,164.39470627633736,49.00500233240686,122.64045737241757,0
265,line_A,day,legacy,96.355479764391,97.0073017468741,65.47936798588681,162.56899750955083,49.09771771022108,124.27208378447982,0
266,line_A,night,legacy,100.55893848901196,96.01535580324072,69.5219994098949,172.46862266140647,51.66391936582198,129.33834023983695,0
267,line_A,day,new,111.06730486573544,95.60818154546789,70.08111945722851,176.6787242772775,47.051670807814105,120.26591494710948,0
268,line_B,night,legacy,101.4955428894306,109.5104479696748,65.20987988428904,164.18960025220466,50.69150506891329,126.36696883136653,0
269,line_B,day,legacy,104.44629550384194,112.92922869655833,73.23627138460715,183.3648313133591,45.17556499952991,119.45462461540704,0
270,line_A,night,legacy,98.65035335633517,101.7341547936591,74.98166854634023,185.97585575003137,48.22649381363709,123.09624627505617,0
271,line_B,night,new,103.49861990448223,94.34362227130859,68.02637268261401,169.65396008218687,40.32325635157632,117.93225218602183,0
272,line_A,night,legacy,104.52245025541357,100.74687245461958,68.8756571377381,171.30654628671627,47.2093277551428,122.49643668595662,0
273,line_A,night,legacy,98.48953644267846,95.46485880585553,75.31703509267899,187.96851048650834,45.53032462204599,124.14642448831367,0
274,line_B,day,new,101.73200538279688,106.79719128118654,70.90647603216952,179.0521041784167,51.801839265323636,123.58312022653946,0
275,line_A,day,legacy,105.85372403091118,93.95946125220316,70.86287797727044,177.94224949085603,47.02241238038923,118.72603604818833,0
276,line_B,day,legacy,100.62575962440769,102.50838585415201,70.49478081573456,174.42174269898825,51.311160230827475,125.53817775159983,0
277,line_A,day,legacy,94.24918762364973,103.7254058544776,63.90928178783912,157.65099766049312,51.12129697731676,126.42649049733826,0
278,line_A,day,legacy,104.50907136993234,99.14809424672661,66.87302106288404,167.7475104434641,48.51432869467529,125.66683681455712,0
279,line_B,day,legacy,101.93533336703157,118.93443160503267,73.89509676960755,185.62403454614366,50.813280761294806,124.31189634408095,0
280,line_A,night,legacy,101.77741561940049,99.37664406697228,66.48460010771745,165.23993604664824,58.56441781933997,132.529199116964,0
281,line_B,night,legacy,99.57627058303794,110.65597815214991,73.22789714180249,181.62490499735992,48.3040467348443,121.49049091382645,0
282,line_A,day,legacy,102.07523712889052,99.248976827353,71.84532323161847,177.16857997553515,45.11132124180668,122.41903448721297,0
283,line_A,day,legacy,93.68345348124538,99.38240485155211,67.28569747838132,169.41422026420372,47.549706316571076,124.59056148623218,0
284,line_A,night,new,97.67879136368282,96.26899700849705,72.24848643746996,181.46638923755057,51.06941513194749,126.42654314887383,0
285,line_A,night,new,106.82179300556366,104.53731634601097,71.53314038230725,179.58524563438107,51.91974297219108,126.4885765282992,0
286,line_A,night,legacy,92.35390808838457,104.22004833086802,75.70229352687255,190.17043012316108,49.39315928323545,124.28525353631862,0
287,line_A,night,new,97.96269420639342,100.4862845709294,70.45814821368928,175.46301544615153,49.64356097042335,122.56262502706475,1
288,line_A,night,new,102.27917839683484,89.54200580775357,70.4469386877226,176.3145413933625,49.42080402903158,121.234245795838,0
289,line_B,night,legacy,108.89711865125655,102.28623385945788,66.63546614346085,165.82298947759364,40.08095568537634,117.6519725987749,0
290,line_B,night,legacy,97.67918835474715,85.83901674133784,75.77683778052304,188.74672997224954,52.07778708804259,127.69164549840434,0
291,line_A,day,legacy,109.83478821277677,100.09161963530387,63.359234935152855,155.18025321811507,50.55561068130089,126.09121277122891,0
292,line_B,night,legacy,104.37513530560318,89.57814846030222,70.36061731841829,175.7857773024574,51.724597121198904,125.12704808043341,0
293,line_B,day,legacy,104.66019186100482,98.35056474637233,71.09527721078614,178.4786755695858,53.85274440871798,126.10961529567662,0
294,line_B,day,new,94.11662601259327,94.640489263461,71.28823225938201,179.399865563815,52.73264242193075,128.92717336588174,1
295,line_B,day,legacy,104.59495842024174,96.38324604377415,71.33974915643083,176.79122971710592,54.31575669886546,129.34169908496506,0
296,line_A,day,legacy,106.04346886990972,100.10078988071862,69.76234378523269,176.85712587477508,50.0634948471042,124.46768134510984,0
297,line_A,night,new,106.8574290845389,102.42325346552943,74.87273490106854,189.1705031332934,47.89421555961328,125.41922406845492,0
298,line_B,day,legacy,108.67003409950618,114.4114182702506,73.44690592765659,182.4866599111488,52.32041822671078,130.30209027377597,0
299,line_A,day,legacy,97.66469249348157,101.88632501513449,72.96708916865387,181.45494241294094,43.84727753300777,122.60091311014315,0
300,line_A,day,legacy,100.9563868721773,104.80834989756957,77.32843967386613,194.50469133009807,54.816773014605076,128.29995317841025,0
