household_id,region,heating_type,ownership,has_pet,stress_equal,stress_unequal,home_satisfaction_equal,home_satisfaction_unequal,indoor_temp,energy_kwh,sleep_hours,stress_for_corr,severe_allergy
1,urban,,owner,yes,51.794076754212234,,71.76985024426014,88.58849961651441,22.034121049998923,172.36729075237318,5.007086723995392,62.63986668328509,0
2,,gas,owner,,,36.91903498137002,76.71386641841256,87.71291555544755,19.563960493632877,164.0434129753075,8.186085569770754,54.635063191861896,0
3,urban,electric,renter,yes,43.65751742326799,60.66421339127689,,105.35852138047971,20.29005754886599,148.06992887943176,6.620211437695923,55.80245527776403,0
4,suburban,electric,owner,yes,,44.64783611658967,82.2183990322134,81.48261734093093,23.521326052084728,190.19536909153445,,52.387545499197195,0
5,suburban,,,,60.41497450850451,,69.54116887228014,101.83805965774657,20.312957032585242,145.59526804125753,5.833681516656315,61.36745678339932,0
6,suburban,other,owner,yes,36.217491525212324,,78.97995078327259,,20.478622798796483,172.06494046069585,6.789088566850518,54.69797420217986,0
7,,electric,owner,,46.66700713078804,43.53819082383694,59.95340339409087,,23.444667418142195,172.298172392764,7.491894913853083,49.8603057350593,0
8,suburban,electric,owner,,52.27958628930893,51.488327626604715,,86.70781783860045,21.081528241931576,151.01531291362917,7.888857130932248,50.89335239603466,0
9,,electric,renter,,58.220945277872865,,78.06101209776864,94.70315759164596,22.425433699924405,171.4141387809228,7.35945917482813,54.37543310461706,0
10,urban,gas,,,69.52816072007514,65.82448352992657,73.0275556199954,94.45150933312523,22.856374274596238,189.365549953249,5.62659322380165,62.26110432019663,0
11,urban,other,renter,yes,69.01748420920423,53.01985587594454,68.31891687111863,,22.210008223731997,182.4161336601223,6.283189967491344,54.44969432484471,0
12,,other,renter,yes,38.480429851430756,,69.57795431948881,,22.034279653125317,173.067475143276,7.267572853051113,51.60400421237081,0
13,rural,gas,renter,no,53.256490563553825,59.10905831329371,71.04713841828006,95.70648453119921,,150.80921594247914,7.402371107386006,54.30685202117866,0
14,urban,electric,renter,yes,47.947491964488485,,63.778899386950755,,20.35396695248054,140.55594558857808,9.461610823252904,47.26283332724391,0
15,rural,electric,owner,yes,52.74875888719072,,93.19788825459598,76.11937007425878,20.782193815952297,156.51628299208429,6.721627241822661,52.593498951477756,0
16,suburban,,owner,yes,46.11624808394481,,70.29341668577516,,22.8794013519861,174.236015429475,6.382225157826653,52.21274498420668,0
17,suburban,,owner,,50.77452114967238,,83.9107936540761,83.13967909574477,22.585422654347894,181.1583360932467,6.939386093665681,52.3538889986463,0
18,,electric,owner,yes,28.198675615579635,,69.13691524812197,83.66242475800665,19.568321575462612,139.26626379215242,6.757656711160762,55.549833025636815,0
19,suburban,gas,renter,,35.74232391877303,,89.2520816081279,91.51153191118068,22.4208639267386,179.9612263426953,8.681371274633415,47.62538318404576,0
20,suburban,,owner,,38.429795246287846,37.51240844251052,,,22.652946168409816,178.70878070836014,6.965400496132978,54.647409088334385,0
21,,,owner,,46.783595165883604,48.17482566432705,,82.40621653018621,22.337170998748128,175.2389446436482,,50.67610960912046,0
22,urban,electric,renter,no,59.13082858949598,67.80053083819044,65.2196995795344,,19.80065179318945,138.69541356964083,,48.593141499588235,0
23,urban,electric,owner,no,40.22424643858017,50.77705913435239,73.10338285587558,,22.310574667882243,180.52841547905783,6.426667308823107,55.27759112806451,0
24,rural,,renter,yes,56.21207991450038,,72.37600735900213,,23.34988125486111,187.46222591075352,7.033878679486854,56.07018451838718,0
25,suburban,gas,renter,yes,46.45570150664973,50.88061662447265,72.82075623830792,91.42328317783891,21.46245348322115,165.05868923103682,6.498166307214536,53.97289056162134,0
26,urban,gas,,yes,37.59536989321079,53.95422937350582,68.83085656704047,89.79078546666923,23.74454139266048,186.59374678306807,,55.983560236278514,0
27,urban,,owner,no,52.619911026735245,54.347090075745996,,82.14880910235,22.238560248184488,164.33803809099612,10.02935553356345,44.82481253889968,0
28,suburban,gas,renter,yes,47.68212545007543,42.48366791954332,70.16587717171979,95.19062717336203,21.994301007152423,160.59875641501728,,47.954549113428904,0
29,rural,electric,owner,yes,,39.22264884581489,64.07843636185606,88.50156988335247,,190.8449733644065,,52.11225225871007,0
30,urban,other,owner,yes,42.48047732100151,47.33816092946719,72.49905378028218,88.35390089243893,21.85299591694597,170.03635427391742,,52.35218675498111,0
31,suburban,,owner,yes,30.54264739310932,45.07191738982878,76.64047415462085,,20.949819866683885,151.83980753488004,7.139960590502335,55.090079371221904,0
32,urban,,renter,yes,47.97995925833284,,77.67599301499446,,21.761259162087942,163.04252910017618,,50.017063971002905,0
33,suburban,electric,owner,,52.330669865205145,,78.778572242342,81.6952424490184,21.575836625893125,176.1537794642622,7.643951903514899,52.43090405828554,0
34,urban,,,yes,60.99317677737396,,74.19851371097766,,21.845068465308536,165.4868710595699,8.033535541474473,51.01926144639914,0
35,rural,gas,owner,yes,52.989815969714876,44.08022813050315,83.44669592639897,,20.664455791271244,156.69349511111903,6.9549922403897035,53.6069764053886,0
36,urban,,owner,yes,42.795293757186855,51.519519393489986,73.49634926808935,97.39564202339203,,176.12572154327574,6.859346964565157,58.08723437725822,1
37,urban,gas,renter,,45.69774012651956,,70.06576420295922,,21.354676154960877,172.34849853370616,,52.454944484903976,0
38,,,renter,,54.154264628956994,34.68195746032683,,102.32502547536743,24.283693060550732,188.47859708051462,6.250180818281882,62.32559882467433,0
39,suburban,gas,renter,yes,49.72945052772755,51.609554532080466,,84.17489836417288,22.912270256411635,171.22739269847534,4.916367419379018,58.71802142378379,0
40,urban,electric,renter,yes,39.32868873997372,50.7873616312528,79.04718252342593,,22.808068684950168,184.14452797490856,8.348723959413286,54.18807211620444,0
41,urban,other,renter,yes,38.518050650286,,69.01496602810617,,21.00707468804202,164.99348819348648,7.74922026166387,54.515327750226476,0
42,,electric,owner,no,48.651314649988706,43.89577014034195,73.34492648185582,73.45347293382108,21.74919826775914,170.05521189948365,8.311456805518498,53.91883302070779,0
43,,electric,owner,yes,39.84377278460355,39.43497324727818,,,,161.79196508791284,6.771830914120624,62.15057791124953,0
44,suburban,,renter,,53.792015600650664,59.55192514318563,73.2773827701196,94.28082267254008,19.631481235529552,150.06341302324296,7.372796170489588,49.48134070212487,0
45,urban,gas,,,41.46241890896687,,81.09913681070806,94.09756251109867,22.06859805692746,173.26131275582568,8.03056459483084,53.12327467963432,0
46,suburban,electric,renter,no,39.98120927893692,62.48028430890566,61.821022512465426,82.01491698035024,21.828906660612223,176.3224666362798,6.634917188351371,63.029903493780864,0
47,,,owner,no,53.16386876635574,53.105278280644136,71.87897040950664,,20.644010485263983,151.08225375802343,6.116601334138986,56.877784032472036,0
48,suburban,gas,owner,yes,46.92417520114762,,75.00168185417975,,21.22777209163829,161.6611948556377,7.036837070392631,61.59499765550565,0
49,urban,electric,owner,,45.85658252960508,51.061422577803285,73.99303525946084,88.5380754569444,21.157592787207072,163.52313475326505,,46.44163032272195,0
50,,gas,renter,no,42.50260442556061,,83.64868005519043,,20.064589330786465,158.4660402057346,7.0669284152859415,56.480288028643734,0
51,,gas,renter,yes,41.39403203410794,38.90845409907785,83.37298540643008,93.94550801520859,21.238504035867106,158.05849288587558,8.70023991043502,49.69951473100875,0
52,suburban,,,yes,35.39447915195196,32.87168765216844,63.0218233100928,,21.981468459211776,166.80016672727712,,60.16936260249186,0
53,suburban,electric,owner,yes,40.939835413259864,50.905563515716345,,95.05448475235363,21.1219503828468,158.14942735442523,,60.839173631425716,0
54,urban,gas,owner,,24.200426406366905,43.61217678655245,66.34470323444441,89.87964969478418,,169.07887853913914,6.283317227570062,56.919674648640104,0
55,suburban,electric,owner,,52.653142543804606,52.50882534860398,84.03655759565756,76.87166544808186,19.779278680629155,141.0941538529933,,48.784306059792534,0
56,urban,gas,owner,yes,43.17574178816115,48.985499153294434,58.80430905503424,88.40210270396896,22.334902785065456,182.8429386147604,5.972743339947688,56.71475229747869,0
57,suburban,,owner,yes,48.80042796771403,55.957465181254534,,91.29866236933181,19.864801422761662,141.80819198304505,7.467101057717,56.09478867841535,0
58,rural,,owner,yes,41.66846567694601,34.850553440006564,73.33222266407472,91.94675417673412,20.95062456612074,153.11911251539706,6.293479659183419,53.69837238347644,0
59,suburban,other,owner,,49.8085989742106,45.34948792218812,81.24037165480216,,22.686694476020307,166.18884190023647,7.5247103714370045,52.20497379611769,0
60,urban,other,owner,,45.14059233042537,42.18611408256727,58.978118924455096,,21.797700527841915,164.4299370294256,,52.24521392925469,0
61,urban,gas,owner,yes,46.89419886419434,48.141100056378924,68.00519391767848,,22.59512493205635,172.1894576510708,8.755633457255849,49.162955965497744,0
62,rural,,owner,yes,57.094857309267105,,81.02487450400824,77.2788682807628,21.552645401078287,165.9592231041784,6.031356567693881,54.98778413030743,0
63,suburban,gas,owner,yes,40.920482819568534,,63.4572576100322,,22.02689081321379,183.2999133871813,8.068659952573132,49.278770239977725,0
64,urban,,owner,no,46.87156047481741,49.415802231543296,69.35551268578966,80.91430719021302,20.987608716916906,152.30862880859536,5.540451647600502,59.22134343190797,0
65,rural,gas,owner,yes,53.39927978071931,43.95077190533799,,91.61411680583984,23.0347707032097,182.31002343639668,7.364329016511587,57.43416258190872,0
66,suburban,gas,owner,yes,56.78166724770209,,67.9170318665803,,21.961148895453967,161.79380188907777,5.711203923329744,54.928040803911614,0
67,suburban,gas,owner,yes,39.228660264440784,41.06330618332736,80.62880053302372,91.19954757468857,22.728964267977435,179.8760677483444,7.32370878638189,59.79522963926687,0
68,rural,,owner,yes,43.24648493708759,,66.23658190650556,82.0339107869843,21.116028487752374,164.02665003838936,8.209129664954046,50.154353775524235,0
69,suburban,gas,owner,yes,51.866123383567896,39.83409274135469,75.8529350427503,,19.807984402217865,154.55629402761883,7.170910926527984,58.34260690867803,0
70,suburban,electric,,yes,36.817061029967945,43.10609089311142,76.68962924337406,,20.419641103269004,140.1494113252592,4.209842466583285,69.0815581575687,0
71,urban,electric,renter,yes,60.3214735491865,38.187901821019665,69.8323429766414,83.68543751035862,20.725489217943082,161.8462352285611,6.568663081242889,55.75809078609144,0
72,,,renter,,52.209569603705575,74.65620077763005,68.31467325078076,,20.881571968329325,159.4367830685593,8.599112435594728,45.47348768309558,0
73,urban,gas,owner,yes,52.022070086186204,,67.70043749106709,93.24872775142126,22.60576619652481,173.92271963269866,6.20003111745753,56.156747678802965,0
74,,gas,renter,yes,45.30439611672755,39.9032547350157,77.77103089278702,89.6268904572954,,146.08961935971135,6.388911278187511,56.05360130002876,0
75,suburban,electric,renter,yes,43.50116486335638,50.9943354558211,77.67676625600217,,21.63346075351071,166.18629589787633,7.687470970541677,58.41668028200505,0
76,suburban,,renter,yes,69.26235584003446,,70.63318845451818,,21.673966454015222,159.98594172311522,,49.322957083348236,0
77,,electric,renter,yes,38.92871721850016,61.4098280049269,74.40609425387373,80.0425158875507,23.62068887126616,189.55679446701447,6.82485779319236,60.874069736874624,0
78,suburban,electric,owner,yes,41.285758038071506,43.83160980608762,,86.89246951891656,24.013646344393806,186.25364383075154,8.135945027346082,50.05082808192896,0
79,urban,,renter,,,,,,21.13267053788673,135.86259549888612,7.435394252679422,53.90110280730862,0
80,,electric,renter,yes,51.965899379286874,64.95276060039298,71.19404225073775,78.23795904627299,21.46401188703488,164.45796590951178,7.762714469163493,50.34942565816877,0
81,,gas,renter,,59.43753720941347,,75.18229264141229,,20.947633069923157,159.38936426361474,6.402359348050603,57.57026799310369,0
82,suburban,gas,owner,yes,51.262044885437156,40.941770114388,63.80303423075607,,21.230078236312114,169.3143287281767,5.952121609695049,63.16843778433099,0
83,,gas,renter,yes,38.95270005306594,,63.05357668029922,82.84967210615089,20.565092635261895,149.67604946167668,,55.08008431180152,0
84,suburban,electric,owner,no,46.39202955362897,39.159233936712496,59.3751578252531,99.25699255659323,22.140292609121516,169.66225368154386,7.371667492538421,51.92997336377395,0
85,,,owner,yes,52.27502886497036,40.98402754138916,77.94167555529472,96.52365495337479,20.621969865606626,150.18267322298541,6.600165560389515,57.11740371025351,0
86,rural,gas,renter,yes,56.67818399372474,54.83236870058311,74.4589846186114,,23.29364998443408,171.15907664642168,7.923257873717823,55.19082925318935,0
87,,gas,owner,,40.8468828859439,39.18921955158392,,,20.010474613332693,141.65591968045183,6.519224070191973,59.41749074088365,0
88,suburban,,renter,yes,39.34421189963791,38.86703916962634,88.01153549645315,,21.668141171011122,168.28806542048352,5.484263163103995,58.29693014480849,0
89,urban,gas,renter,no,34.859019981620904,,,,21.6843808132111,153.48851747714374,8.150657678620634,43.83704767362132,0
90,,,,yes,58.016996285782646,40.731627777978126,77.65717795367,,19.263614671630425,151.13669332809107,9.260748705809652,44.80337676490722,0
91,suburban,gas,owner,yes,,47.46123061319678,75.59502474285942,,21.44767687029155,147.4885155644118,7.0759084106085215,61.697794517344946,0
92,,other,renter,yes,41.636508928308615,,72.39237055874531,100.89640429684754,21.856090538107654,176.0142738167957,5.923663073118465,53.77591334012939,0
93,urban,,owner,yes,33.0380464504274,,85.01416919309422,65.5452350107183,21.306910496818443,163.19717181588274,,46.96970822028129,0
94,suburban,gas,owner,yes,47.16329963036527,34.53522729144869,73.08554373652842,92.70550321504507,21.319557315618532,168.03519520383412,6.279345453136163,60.37978529290641,0
95,,gas,renter,yes,55.85193654091915,73.7365297275235,68.69637431767471,95.05839013211543,21.20596718669128,161.68584752225746,7.0809105809386335,57.36822528818784,0
96,suburban,gas,owner,,33.47496607087414,58.134883585658116,77.56725490718298,87.1449469274029,19.463770870592374,140.11313167443345,,49.830327125816595,0
97,rural,gas,renter,yes,48.00559546036489,,84.77901192981865,89.88788004229207,20.482466277813003,156.7697335225558,,57.158243835107335,0
98,suburban,electric,owner,yes,41.65638527546658,,66.90312560974863,77.53850131256466,21.55579333574939,168.54898513947455,7.125331270156315,54.619524146751964,0
99,suburban,,renter,yes,39.21405832004221,,,93.78095290151185,22.203070171138382,168.71622640579153,,54.55898055107306,0
100,urban,gas,owner,,46.98850647399154,,62.97859969743699,91.89309727330993,22.491383138171066,182.52716749079798,,45.310323591074415,0
101,,gas,renter,no,35.14796772897159,,73.78567797146712,91.13490138932002,19.77620064328616,144.7887787932361,7.986349638062551,48.21229355256694,0
102,,gas,owner,,39.0197399344147,35.00772192587431,59.70789439640042,,22.772523350073385,174.27099338290967,6.116016726733522,57.72634297835391,0
103,urban,,renter,yes,56.91450429656192,,64.31590705429254,,20.5200510409136,171.1936160589385,7.436792035327762,48.14494594381208,0
104,urban,gas,owner,yes,39.68016113775293,,71.22139136050484,92.91128081588616,20.942389392261997,148.71257160193966,4.749711863445614,60.484253952083485,0
105,suburban,gas,renter,,39.50323595719588,,73.07225852102977,,21.604316652518225,165.57469563368173,,55.205161552564654,0
106,urban,,renter,,47.04631752200867,,75.53966576852608,82.6535290703745,20.20702714992259,158.97927702670415,4.7971422636486345,62.99252446633348,0
107,suburban,electric,owner,yes,42.70072061641034,37.547436597201305,70.636656335168,88.11433260456403,22.03157301326452,153.31323636752535,,46.452046669611164,0
108,urban,other,renter,yes,63.410299865947096,72.80109103091701,64.00811341886566,,22.886432487045916,184.53371632519855,6.706289898186365,57.433708185313705,0
109,rural,gas,owner,no,45.053755915194095,46.759173009256564,,100.60064797907087,21.615127569891566,158.32552317835382,7.549359220227812,54.63141895345781,0
110,urban,gas,renter,yes,51.69954392644518,44.83916865969144,63.753811589947944,,19.52734971124941,137.6067934041893,,46.50987858040391,0
111,,electric,renter,yes,47.279299361837786,79.7887381492107,73.97676761225523,,22.20721313946755,181.01742634819917,6.759950373307987,58.354848347756544,0
112,suburban,,owner,yes,39.513750709744706,45.17239167003468,,87.86893008120586,22.755835546662457,172.2629906837809,6.5983762172837475,58.34527587174435,0
113,urban,gas,owner,yes,57.90103666620038,47.58387614823481,61.58863219190436,,21.101543260439538,158.2987469908992,6.130224149542469,64.35347055927066,0
114,,gas,owner,yes,48.34856653692184,58.94436706807872,76.9498546345259,91.10201646121455,21.86303252433475,161.9687508889183,,52.31422394664503,0
115,urban,other,renter,,47.28872469200648,33.78640196249995,69.15621877581083,95.38889015381292,21.216114583942183,162.57163351474904,8.151979810643338,51.0322970138037,0
116,rural,gas,owner,,51.15087286496572,,88.26387955807829,90.61680084802664,21.737225954972363,182.62589109066985,8.144313754803495,49.60212918201253,0
117,suburban,,owner,yes,51.49696144163345,,,89.85229849623248,21.540409389922058,168.6171299071062,8.665087654526587,44.61603323594725,0
118,urban,,,,,,81.97393891849008,,21.391307456858637,158.16638396248317,9.073789902150278,46.12069136093093,0
119,urban,other,renter,no,67.54466867131183,45.805555048701464,,79.12011967988182,22.027289640635885,172.29778974528125,4.809403807955452,61.88139654846128,0
120,urban,,owner,yes,36.09431138112017,56.86383811814628,75.97241536457234,93.67792049341861,22.35820287244421,175.43636638151162,,49.46455661478089,0
121,rural,,owner,yes,39.87618152855753,38.48956020479897,,,19.925727536983093,161.72467515729676,,59.54349498882155,0
122,urban,gas,owner,no,56.14647769009243,55.31301408520134,,92.56308422872416,20.89859685577086,166.2862950599294,,53.295064407273784,0
123,rural,gas,owner,no,45.458757472932525,50.6051821216535,79.02763711791597,92.70059286559508,21.830864070555084,155.51692821214897,7.029843133195989,58.77601914273731,0
124,,,owner,yes,52.25726755215719,50.64205503720693,,,23.110507621255774,184.5619186927081,6.610789290797915,56.88495756724496,0
125,,gas,renter,yes,50.83894644087972,37.292708264542505,75.35548169745564,,18.24603361355104,138.77463766772797,,57.429115930850806,0
126,urban,,renter,yes,47.56478806405995,39.016898039439695,78.02785410472465,72.93301457125392,21.47600072901972,176.04125286709635,6.41873720946,55.167668451029584,0
127,urban,electric,owner,no,35.407848031651525,43.33375330051987,,79.59272589965659,20.93637727469905,162.53619390542576,6.467939037343417,55.036069041314256,0
128,urban,gas,,no,,46.48617022718783,,89.33745510909289,20.95780908000077,164.89676039643746,7.650985399010832,53.318026133746294,0
129,urban,electric,renter,no,45.14095969295772,,66.62448581598514,,,182.771444774936,,57.24264861421642,0
130,,gas,,,48.61871020796047,46.11996409948251,,,21.945886500956455,156.39893111252476,,49.34738216985313,0
131,rural,gas,,yes,47.12562948120488,53.23687199982593,85.2446475080743,,21.69822074532351,168.40440216783745,7.448806594222186,52.38701710774999,0
132,rural,gas,owner,no,38.317683867061014,,83.65568678129519,,20.204843139207668,161.6159377145185,5.659408493809069,58.644198818355214,0
133,,gas,renter,no,49.635171463828875,,,,21.579753062513454,168.44198432463355,6.28635811696156,56.17984395405697,0
134,suburban,gas,owner,yes,42.459168058711185,,69.14164770740955,90.23573289740413,21.035505051460724,163.94829029692812,6.614796060786505,49.37465170382373,0
135,urban,,owner,yes,43.010193472272356,42.585725757122624,53.69495244483209,108.11804401818124,,171.8047350945432,6.819039717960355,56.85932495716926,0
136,rural,,owner,no,46.32941106524867,,71.34334888823898,84.06458679437884,20.9192391000333,165.16487837100172,6.033761834833819,57.03908194030595,0
137,urban,gas,owner,yes,50.40977692829194,45.500567146494134,65.09523992296799,91.42125160664301,22.477617767887402,166.61830237847792,6.590511376333066,54.205657975358015,0
138,suburban,,renter,,45.70069568940371,56.22518684712122,62.16667248048679,86.24880363206368,21.363624518651207,155.19808723945644,6.471805281761401,53.70410780193721,0
139,suburban,gas,renter,no,40.623960950050176,29.290075160966587,77.89399338245049,89.03120403462482,23.353673455432453,181.10726640226903,6.875356713330521,55.049070508474664,0
140,urban,gas,owner,,48.17104574577537,37.383969930329975,70.3021700027115,88.69347458687517,21.945496861928383,165.23205534423235,7.520031045083396,52.81121346783943,0
141,,gas,renter,yes,56.59510979515958,,77.36646871686503,,20.526571263164293,146.2229537972178,5.709301114942514,58.9740214445498,0
142,urban,gas,renter,,56.70635021469426,84.166264473577,71.82262742695424,92.48289617068603,24.19298753205132,191.12989297102004,6.55138706261492,57.21239619228894,0
143,urban,gas,renter,no,47.54342815356487,,62.28732188483547,88.94021278232475,21.756595209545985,159.08734233682057,7.0143711722872855,60.928448944849386,0
144,suburban,gas,owner,no,43.03282353253523,39.47284091390567,70.56286029198057,96.42939242233408,23.465015464081507,179.81251359486117,7.616454141901373,52.048562480255896,0
145,,electric,,,,,69.97397141245945,78.28202438598875,20.71267543620264,158.72580495398358,,54.87694422227613,0
146,urban,,renter,,56.04161347893249,65.97741625548262,70.87059411470419,97.50009495360486,20.845884104941135,160.3559812184002,8.705516125852197,47.12093707598055,0
147,rural,,owner,,51.70290499809625,44.85851852578532,75.60304156264891,,20.101272240202775,158.86711646551788,7.757412331852484,56.80000319318437,0
148,rural,gas,,yes,42.588924675992004,44.365499464964344,80.70399720434943,92.55080905841382,23.772740914812957,188.81794011763571,6.556764728628104,50.77321464384191,0
149,urban,gas,owner,yes,59.98610663895788,41.92873392033012,73.97591229070166,,20.698082154572894,153.46379425607765,9.003854778432155,46.335224144791766,0
150,suburban,other,owner,yes,39.79396579495612,35.07146850739176,79.81645867501035,86.28806920636379,21.27438499274506,165.6637718545764,7.635180087231751,48.174858533931236,0
151,suburban,,,no,47.474530293437894,,72.4382951639514,,21.703586458440927,170.28988773679598,7.82049100216912,57.02235686451172,0
152,rural,,owner,yes,46.71574286849487,43.267902560846174,,96.53597500959415,21.903007921763546,172.19996400747178,5.222320454588125,68.09892311207871,1
153,urban,,renter,yes,51.4894700068282,48.02710880463482,74.65700086631799,,20.61576374891153,162.86880133181893,6.44453008104851,57.15315632760544,0
154,suburban,,,yes,39.022243679910076,67.50240329671233,73.08725754907256,85.14376613728163,21.731041662857702,160.48368306843557,5.975158556993287,65.5594634362522,0
155,suburban,,owner,,36.34118961774181,47.194454109558,70.18294574255512,,21.21515754905492,148.30991462822917,6.364018568999644,58.23480321087858,0
156,,gas,,yes,58.79725080732145,,,,22.30993723420067,172.30934993274275,6.119433132914983,61.754721566996565,0
157,,electric,owner,yes,22.431765672763163,46.1387523154289,66.33494546884423,81.68480441925999,23.049114247800603,177.27712824496228,,60.354611200485195,0
158,urban,electric,renter,yes,59.97934161816365,35.27212339245082,86.16752161857268,,22.705782527771248,186.09316451385578,6.781888679752282,53.54943873914896,1
159,urban,gas,owner,yes,49.368320606876644,45.280183973085016,69.83189504205278,,22.184272075517384,170.0656715705122,,51.68943219309002,0
160,suburban,electric,owner,yes,36.83992431230931,49.70607962708431,84.36372097452079,82.84712768824295,24.144462081718252,190.29081972661248,,55.51153809671576,0
161,,electric,renter,yes,,,,,21.059772095396998,159.2128066466511,,61.90763402894406,0
162,,electric,renter,yes,54.54260731388931,,84.50681216499817,81.34771548713113,,158.52815835190825,,51.33998622153041,0
163,,gas,owner,no,,41.8639131709776,73.39329259592355,94.49948282685394,19.992519040547418,156.87836851349826,5.277109964685942,63.68765771422254,0
164,suburban,,renter,no,63.22772469074364,,,,,157.31190065159743,7.319426690558357,56.64216763433041,0
165,urban,other,renter,,45.83325449743861,42.54051779149977,69.54246486258322,89.11918447911978,,166.10615364031054,10.507697995142403,42.637975248563365,0
166,urban,gas,owner,yes,37.95855268938098,,66.36777772919955,95.42825079433484,19.80078584299913,156.5313762359117,5.775032866293166,57.043903846234755,0
167,,gas,owner,yes,41.31318511870439,46.70442642873277,73.7238005017236,88.45234299332772,21.08156591702064,159.3471215650539,,51.37174938274197,0
168,suburban,gas,owner,yes,48.12471995062302,,67.42139750941053,,22.235087136409625,169.9554424479424,6.784845613715189,53.174864347584084,1
169,rural,gas,owner,yes,49.75547982660862,48.381449769339234,70.96424099518393,,20.600820638274964,148.90583162566423,,43.9632549410309,0
170,suburban,other,renter,yes,53.102479590958495,,87.14380004817153,99.36785698349816,21.111302629995514,166.21512436170985,,62.77884387609977,0
171,urban,electric,owner,,,42.54486332873288,68.6051911693566,,22.87940289789792,175.36411155481946,6.6874836015862025,55.88587915157112,0
172,rural,,,yes,,79.03930275856602,79.82181029352529,84.38264658728944,21.847159217943208,170.03432819389712,5.983219913994209,60.59806444660205,0
173,suburban,,renter,yes,70.63820883927562,,73.46939505370614,74.16315909993759,21.845331014422623,186.43380238084208,6.687078074817087,58.89441174585233,1
174,urban,gas,owner,yes,36.37726289960605,37.800031455239505,88.42630399764101,85.28896663163428,22.840329783892138,173.0424497888718,7.312539502696731,51.61437146374835,0
175,urban,,renter,no,50.452185357092056,29.89574885934118,71.54706387659057,,23.083805924032212,191.75525260906358,,66.51785289107009,0
176,suburban,electric,renter,yes,49.206011494896906,,,,23.591451698127234,200.96965430045506,6.95713690348842,60.214412067559714,0
177,,,renter,,61.05592402402672,54.653985297684486,,,,168.84317114848807,6.330910848763134,62.00770297004581,0
178,urban,gas,owner,no,58.44147154526747,,59.03889518281193,,23.06464802286101,193.59166141765454,7.8219287406765385,46.66081912810146,0
179,suburban,gas,renter,,47.48421077924081,48.97881961947349,79.79974849554159,,23.322477715580852,190.6112869453193,,61.80420636758501,0
180,rural,other,renter,yes,50.598239635629554,20.613398062306715,86.19296889707545,,22.12832103476192,163.85363694207936,7.094607872868607,53.12848189792134,0
181,rural,electric,renter,,44.57439565413226,43.68017270997018,63.45173989528928,,21.528792197798957,164.34290496173202,7.925547501076336,47.55186742954213,0
182,suburban,,renter,yes,48.72788215496666,67.24314092469393,,89.4859113811921,22.00827279621575,171.21657990799332,,52.449207701983255,0
183,suburban,gas,renter,,50.8156319500813,71.2203833078593,67.717211163435,,19.679843519087687,146.8790459279788,7.789232335507749,54.797955894764534,0
184,suburban,gas,owner,no,48.576126436462715,,,,22.547033284021236,158.36968625066297,6.772515662897279,54.39864079992694,0
185,urban,gas,renter,yes,42.1774712590476,55.83873813603006,,,,149.90299834556598,7.347942184819904,54.80702376883537,0
186,rural,,renter,no,44.56772436880981,65.99679840129049,71.53881992569617,81.13778788729132,22.987482996400487,167.79987183378606,8.277108196615206,55.17359023687381,0
187,,electric,renter,,56.84916981035004,73.16013880632201,,,,136.36989377804832,8.114798929202234,52.31765524677577,0
188,suburban,gas,renter,,50.32932849411474,46.47978705356822,80.94176129868035,86.70658259796748,18.961747086283506,156.19041387345652,6.115433169747303,55.29339752231789,0
189,,gas,renter,no,36.64395272544094,,59.67565447134935,,22.092766571431977,173.3739267158753,6.659995233768661,57.04149450874988,0
190,rural,,owner,no,50.92065160176384,46.80356216556239,83.74298911466394,81.12449027729888,19.701221740847448,151.14799347972027,,56.922873835307264,0
191,rural,gas,owner,no,46.3190759433003,,,90.4598827906727,22.05322584278807,182.2707906346131,,59.10477060831956,0
192,rural,gas,renter,no,51.82499396804259,59.57391632314853,81.353247576561,91.21862122461043,21.302625926942355,167.0604900142917,5.239303799233965,61.386644730675094,0
193,urban,,renter,no,45.57049748978707,,70.06745646988756,,21.039275814496058,173.20669430891894,7.296535859040297,51.429481787630834,0
194,urban,gas,owner,yes,,,74.61448306221328,89.75211943554166,22.154372462153727,169.0342061026554,6.8721124075160045,48.421957997811724,0
195,,gas,owner,yes,30.19150560527608,,94.42343524321196,93.24132242311016,19.40048089171117,147.65024971271149,5.954798810598987,56.3074873468431,0
196,rural,electric,owner,yes,46.73555213390012,45.79900561781954,,82.4411287725998,22.30142036635039,166.75495154249134,,44.73412890976794,0
197,,electric,renter,no,51.3970406732716,24.60948498702176,73.63785679818163,84.98325323604517,20.810906047212026,165.690102456348,6.513778859749805,56.00122795274065,0
198,urban,electric,,,44.20971850392849,,67.5901130871269,69.84978569210944,20.471245612476434,154.03387239904976,,55.09027440702222,0
199,suburban,,,,49.170364443512305,64.47017590313752,79.74050109525892,,20.643483023180632,154.25010615011252,7.133261150451066,57.30311406745265,0
200,urban,electric,owner,yes,38.85968282778556,33.19665316031041,,86.7459846634914,21.26415411058755,173.59512768978,8.246167561286494,45.79581975149317,0
201,suburban,electric,owner,no,35.910411236963554,,79.53764195087103,,22.11549057793283,166.34995119126674,5.967717372945753,55.82726018390716,0
202,urban,,owner,,40.61048109954565,56.45882542658921,66.28087693167899,,21.030353669635527,164.47855967335266,,56.616186611325695,0
203,suburban,gas,owner,,53.18682071131228,43.438580329861075,76.83289050646344,94.11019243396979,21.106951550076857,157.07486260314644,,46.91218565638008,0
204,urban,gas,owner,yes,,41.35735258369793,66.22405444808011,96.73836210994581,21.501879867394436,159.47895540879964,6.635193974882142,56.475814146878776,0
205,rural,,owner,yes,53.872124450198015,43.44244634950782,67.97771895274686,,21.557823348095972,172.0409661008804,,52.098448862380764,0
206,urban,gas,renter,no,46.337436428678565,34.837749580478,79.18296606664391,,20.305761330192425,145.4210355722058,7.3531316781791,54.5278102807022,0
207,urban,gas,owner,yes,50.80153561938055,,76.46126921260313,90.97534486240312,22.058080970250252,183.57648260621298,6.45227087300034,55.83020632696023,0
208,suburban,other,owner,,42.07556602888883,45.67770581848568,70.37334210461397,96.53936327699739,22.117370097443338,179.97379730422554,,59.32788485617567,0
209,,electric,owner,yes,46.482264997496266,39.52948301467933,74.58691457485078,91.40023294948219,23.672080991819684,187.4322953122979,,60.78930286969243,0
210,suburban,,,yes,47.50395945417432,51.83298793973009,73.5744500381095,88.5070248160538,20.47214924618946,142.4878490067805,,60.08600641589573,0
211,rural,electric,owner,,36.9625791539174,42.824048794892015,71.36553193707672,,23.310567744825246,204.8934055310818,,58.607544341445056,0
212,urban,electric,renter,no,44.52185232385702,42.42086800491609,,,20.961419949292175,166.58058084257036,7.681847483654938,53.43405016743655,0
213,suburban,electric,owner,,52.64295090253523,,,91.811632143555,,180.1488402751314,,53.09177596155416,0
214,suburban,electric,renter,,40.92005227449398,,,105.81652877911004,21.727951400761963,168.10254944437344,8.084406905685517,49.71770531994418,0
215,urban,gas,owner,yes,54.49643942182881,48.39853591404603,73.38143517831445,91.85540353633374,21.50839821783267,161.29020440859998,,55.39607769005546,0
216,suburban,electric,renter,yes,49.34045254967498,53.748349915564596,63.01420224927578,62.36177034673173,,166.65260035438695,,54.98313789444334,0
217,suburban,other,renter,yes,55.234263848964,,69.57805505894375,,,171.34346465541427,6.848214169372112,54.230193591310496,1
218,urban,,,,,49.486796862488916,62.29159882419289,,21.01721146792431,159.98713007022712,7.085892198225229,54.96204714325007,0
219,rural,,,,26.461729440297773,,77.2951653145524,,21.987281749832434,171.0271395999411,5.437401573818422,62.83402827974458,0
220,suburban,,owner,yes,27.599014509199463,,78.83499964409798,82.84926920692166,21.08810478502805,153.68667169138374,6.747388254999003,55.0684115783529,0
221,suburban,electric,owner,yes,46.54709191414583,42.395928821507184,76.49687240940504,,20.343606988907542,147.84137594839527,6.807084088796855,55.135853935340066,0
222,rural,gas,owner,no,41.47084595866856,49.525428292866216,,,22.056688665375017,174.164692707215,,65.19715114479243,0
223,,electric,owner,,48.47955524257676,48.660551528540225,69.64683872672178,77.7726447661601,22.333985940451928,178.2010999916494,6.764986513542367,53.17663654987929,0
224,suburban,gas,owner,yes,24.051443955033708,49.26368392426722,71.00685225758518,,21.77261263097315,165.55263524706928,,52.828132900737394,0
225,urban,gas,renter,,60.840024389679996,18.47190534427414,72.47068486276267,85.77042856640224,20.794926596084355,149.8693093856971,7.421979420206901,65.99437338962176,0
226,urban,,renter,no,53.79888739345351,,,,23.18507564566824,166.51578418209698,,56.48599425112823,0
227,urban,gas,owner,yes,46.82471120873147,46.80684103678204,69.06471250537554,,20.36070005275471,152.32919173993218,6.628976514674506,56.12189902267779,0
228,suburban,electric,renter,yes,48.75605445754429,37.7437817601318,,,21.773146511725095,179.5395863057979,,49.663098940305275,0
229,suburban,,renter,yes,40.33844708892789,,62.15928607873298,,23.09621692012618,184.1570448692228,5.598066775114747,65.61081033517927,0
230,,electric,renter,no,55.29283557925461,,75.95209652036027,96.92771288808599,22.08884931437575,159.43336911990608,7.265373593007401,47.3372497902865,0
231,rural,other,owner,yes,26.974060356013347,43.182065760646566,79.26919671461783,,22.227313942679903,175.22928255717713,,58.32358739759541,0
232,rural,gas,owner,,51.02010037285848,,73.23889806245784,84.31334347911381,19.02906321011956,123.91024794986643,7.2358833667736215,48.39138900381785,0
233,,electric,,no,45.00384375928473,58.74296409388851,69.11262003640942,94.40814597867117,20.03803695265073,156.6556328163086,8.149689822624532,49.453804363550006,0
234,,,owner,no,44.89559554763383,45.29283135180897,80.4141561828875,92.64583440395835,21.556064446539523,172.1320271580407,5.920117301211647,61.13859699752169,0
235,,electric,renter,yes,63.46405209111752,52.497218431110944,,76.67120927383571,19.163310135517772,136.50528877953488,7.5566875803206415,52.69913120627385,0
236,suburban,electric,owner,,35.37347088925905,,,,23.325772168496467,168.71232333793944,7.86435985976261,56.03420804398131,0
237,,gas,owner,yes,47.40143882154106,46.38468760837538,,90.32796079081467,22.769858328005466,166.69036535761296,7.0143420602324404,54.18133858323057,0
238,urban,,renter,yes,43.58465678482776,,60.65819048139069,83.69804150531895,23.617444921572307,175.17931336280407,7.347961806959392,52.806565044544115,0
239,suburban,gas,renter,yes,54.58710287311345,46.968681260013696,68.55658522190666,,24.13581897117276,197.4910215968342,4.806542088883393,61.498632668963154,0
240,urban,,renter,yes,62.60351654801096,,78.90391411668365,,21.247087001519688,165.7276225438549,,60.95998837585931,0
241,urban,gas,owner,yes,36.9779456827145,,,,22.137948107985217,158.55170067423282,7.737578031813191,51.90909382858817,0
242,suburban,,renter,yes,39.988118400233844,,82.72959871172242,91.47274617193841,22.927759948424985,182.7495713224499,5.890795797393824,56.99268197845121,0
243,,,owner,,48.69083801200068,,75.29095001038954,93.4135774019294,22.444352429839427,182.08449555962463,7.143073238497661,53.98569326931532,0
244,rural,electric,owner,yes,42.07936359029155,45.86401642379886,88.99717503938774,,23.180285586603965,183.98768333604409,,50.1181653209046,0
245,urban,gas,owner,yes,40.58454133141047,41.614601014973424,79.2695387963717,,18.541431190662024,124.93695890288986,6.603768566814327,57.123037452643835,0
246,urban,,owner,yes,45.9022770411414,49.87193406951363,,87.93113053446338,22.15109236740204,168.58488557463417,,55.685050109069024,0
247,rural,gas,,no,45.62686466245647,55.80168187139327,69.64470017812938,,21.026838858805196,165.51243142998254,5.606917524142931,58.55366809772294,0
248,suburban,,owner,yes,31.11552432131215,,80.21421191822705,89.48803466967622,22.225800509176477,180.27419585158057,4.4521412881375575,66.98753895456083,0
249,urban,gas,renter,yes,55.70972005305584,32.34626846038638,,102.10999428078783,17.83520322605124,125.27985506242035,6.111024540234929,59.58468707495547,0
250,urban,other,owner,no,26.261877465104565,,60.97013186722296,,22.755387862912634,177.2737581804915,,53.59719874754891,0
251,urban,gas,owner,yes,43.54208630413658,,70.96344619161982,91.21133918344837,22.960333154958057,185.06640191536292,5.40456459381572,55.71794305576171,0
252,urban,,renter,yes,57.88302152739144,,57.60225320273546,87.33176250325246,21.968272955212196,164.98416401263148,8.782769998071188,45.13758998862184,0
253,suburban,other,renter,yes,55.67764955406659,49.24296372887275,90.34891406511899,58.66504899435764,20.982706681069068,153.7914838004324,6.480904426388635,64.4863282336352,0
254,suburban,gas,owner,yes,56.853204483175546,42.61267460814042,,,,149.21634067486778,8.105087285322684,44.24376630106525,0
255,,gas,renter,yes,58.32982065707178,40.9479454348339,83.18922304013435,82.02162326575927,23.067589885220702,188.11614882121432,6.948378314418934,50.63770575862896,0
256,urban,,owner,yes,44.67754139921101,33.58308722215222,68.23701760092338,,22.379671722522147,164.4897947411657,7.137767706897665,53.13885618199981,0
257,rural,gas,owner,no,44.09169117040066,,,,22.303400612249877,180.0346869154683,5.4944994246051175,56.2359412426273,0
258,urban,electric,owner,yes,44.608036156331494,42.109484085867976,,,,155.71876307199727,7.215741568535781,55.97955014497704,0
259,urban,gas,renter,yes,56.41718013045046,53.92389735675996,74.4728152487949,89.16756010875034,19.414824953477204,147.37673390779432,6.405025040900509,54.690609167511944,0
260,,gas,renter,,45.02937669790199,,64.47063428097329,,21.312918252918053,151.50332449291312,6.282735325130396,53.57493158952491,0
261,rural,gas,renter,,45.74693306787901,50.147970561512004,68.59195825687951,88.82679914486569,21.23626058241141,168.0633948578645,6.780863682681911,54.4729739523482,0
262,suburban,electric,,yes,58.248794224970325,46.81402893499762,73.83253221281153,79.37456999045938,19.77251870422889,154.71346750294586,,48.88976931914424,0
263,suburban,gas,owner,yes,33.045091643321484,,71.63854411815304,87.94907512003745,,164.71911837714407,6.545809125949408,50.585800466332174,0
264,suburban,electric,,,44.37107384064463,53.800315017376064,77.79776684000619,,19.059944122377356,143.72061515165785,8.029479308388135,51.66636144514468,0
265,rural,electric,renter,yes,50.104938652890176,73.70125536405276,,65.63126879008031,23.16734001730941,180.36678704058056,5.854983454227302,57.343426387597304,0
266,,,,yes,49.2332768055191,,80.51660557858835,,21.68128374948661,186.02029416887518,,53.59398140068603,0
267,urban,other,renter,yes,54.363772142291886,42.05202181940028,74.15601500098964,,20.698188255286624,158.82979703931366,7.744505835705549,47.4485238789906,0
268,suburban,,owner,,39.259483637346534,43.845859774477645,74.56132066809991,80.88256292908189,19.21745379902783,144.72241683990026,7.958742953071617,55.63686181512052,1
269,,,renter,yes,43.87787885272086,59.618431820532344,81.25264268239872,,20.20866328145243,160.4640080838401,,56.98902737270016,0
270,suburban,,renter,yes,43.32883851673244,,77.48706611008416,101.75287876900745,21.154754675969606,165.10142319056612,7.7987144996761675,50.58496454443925,0
271,rural,,renter,yes,43.32232756982194,36.74090364718914,85.52143039414851,80.23233730801387,21.34583311591092,164.6674139679377,6.449143480407045,62.66136744958851,0
272,suburban,gas,owner,no,29.84829407204011,,63.56715962776239,,22.109176782047324,177.0982045168895,8.484223808077084,45.26796148362258,0
273,urban,gas,owner,,49.43564874636132,,66.38880669994224,,23.0479322203463,185.45943794468891,6.247098592366227,58.57172821253495,0
274,urban,gas,owner,no,38.83437331571171,41.37900383951097,72.10247063869475,104.73245294142725,21.535718894590335,168.21973160093245,7.541378427267225,55.11566534513453,0
275,rural,other,,,40.00858914546118,47.22322996902494,74.80892799065974,,21.503621524568246,169.2174474592006,8.09306689007469,52.30675529549499,0
276,rural,,renter,no,48.02229776166431,38.21068850067661,,,22.44399716118346,173.4608245907837,6.937643634347863,59.62380826442429,0
277,urban,gas,owner,,37.348876644729785,36.682024964393364,,,20.525104446117812,164.53292278279866,6.6396646872919955,55.21477524411103,0
278,urban,,owner,,49.596360913471656,38.93075302454099,66.22585922600167,,21.353567040583844,159.4771454751165,7.336126049882269,60.97247971311315,0
279,suburban,gas,,yes,44.510009905201386,,75.61843174440276,92.71086442295278,21.571470719507648,148.86503206512762,,49.0416195092326,0
280,urban,gas,renter,yes,62.01611786176704,46.3380417637759,77.93655703382723,85.72056406038219,19.527880534698227,148.5078036927625,7.417854828047811,54.49996806352504,0
281,urban,,owner,yes,47.602828426568486,45.55225615420747,67.74493634129708,,21.163322585370313,149.02020720771927,6.5368643066692655,59.2715773371278,0
282,suburban,other,renter,no,49.4339907258152,,72.74880730511347,86.47650708679772,21.36020111109001,160.95775406336884,7.101410369256633,51.7642360731893,0
283,urban,,owner,yes,52.804633419187134,39.4780071772269,68.97835235700747,,21.079070324559748,155.78630965622523,,51.079528564675506,0
284,suburban,electric,owner,yes,39.11754823345234,51.278112089074575,75.76636277425123,74.00831271472356,21.36671576010462,166.71155432533672,,55.489137391533035,0
285,suburban,electric,renter,yes,45.01837645604525,34.71799559704931,68.42301417237825,77.99576256619527,22.349279359258425,171.84442627717675,6.952533368937521,56.57903221294264,0
286,suburban,,owner,no,56.79959035689778,,,86.21226196769364,22.11398471085286,161.19293404115143,7.013974937191695,53.210210154548584,0
287,urban,gas,renter,yes,53.81585373029303,32.43015274431206,,,21.606547634381506,163.6418632811587,7.12911830777673,53.64597176239831,0
288,,,renter,,53.021906532660346,82.9140163711506,72.59907224792218,103.64619321864758,22.879057033044297,195.59255240813988,7.766033690419373,56.53230916314014,0
289,suburban,,owner,yes,,50.30309741508316,82.88828107642637,77.99893516126784,20.844124829623162,164.54805332685748,,61.42009649197643,0
290,suburban,gas,,,54.513633268559566,,71.6565529292942,,23.8833578495699,184.7107265400313,,54.419373157962646,0
291,urban,gas,owner,yes,51.549965134528314,,71.8556142490063,,19.676285390692357,145.29248633604834,,67.54959293707064,0
292,suburban,electric,owner,,34.674426821803294,46.77025823375493,74.21448329053266,77.47257743945315,20.548456884205674,157.92331536097612,6.7543101384396245,62.18501320329812,0
293,rural,,owner,no,44.24147162715996,,76.30191141905772,74.5411493003397,22.79742741765697,177.89168968502915,7.836532148449107,55.057708922169105,0
294,urban,,owner,yes,43.67304058139188,43.11599002490598,59.79536074869893,,23.34351810929869,179.72779319325386,5.875909358607039,56.46167613124895,0
295,suburban,gas,owner,no,53.607244348337105,37.067769747563304,81.91639857410397,,,188.4017196138555,6.346859648794352,61.72730989350719,0
296,rural,electric,renter,yes,57.88899093468542,46.56182051498607,91.94954323159106,54.30730889142991,23.221800081953553,172.59244645842497,5.497591883985246,61.226606605529504,0
297,,electric,owner,yes,29.676767293424916,,80.25579509748604,88.70771668243523,21.506479476333208,148.3213759438144,7.6523377165456665,54.64024162484093,0
298,,,renter,yes,55.53379975986249,46.81598057896306,65.23704092429298,74.03191340467795,20.735782520850535,158.2575634623648,7.147918394898621,55.15880323193087,0
299,rural,gas,renter,yes,49.601202056292784,72.09884882053214,70.71695338831827,,21.4850779968354,168.56601221619707,7.752973147313433,51.547625068422974,0
300,urban,,renter,yes,50.69421867985863,44.81688975947618,68.31884497416743,91.57468023501637,21.596213103443514,172.8670065871621,7.379425141949202,57.56173424422779,0
301,suburban,gas,owner,yes,43.26248868798601,39.941511447877154,82.0106879177995,95.92455140553652,22.609916316383124,182.64517556575487,,54.77770318367701,0
302,suburban,gas,renter,,54.2032006613074,,69.60702647784952,,21.3042131038282,165.45039994573017,6.794207183203686,59.29018149212753,0
303,rural,gas,,,55.00780939017848,,,,22.49479979678315,200.0151675085025,,54.28086013104049,0
304,,other,owner,yes,47.821728239720585,53.63516281220943,79.51656801935898,85.70288770449663,,152.6661235269755,,49.73840426659728,1
305,urban,,owner,yes,51.31393716524556,39.74715669726939,72.46495203730973,,25.460950805502367,201.73260153090908,6.371612183071115,54.45594839090329,0
306,suburban,gas,owner,yes,46.98752040362513,44.99674750184453,74.25081072625161,86.36329608922668,22.64333486371791,177.13295175002827,7.836584676894878,53.75043841823608,0
307,rural,gas,owner,,40.832335874989745,35.051738389529575,73.01386319737357,,20.20517198365572,163.25725400887484,9.47552796632666,46.98614981750915,0
308,,electric,renter,yes,43.20790824107873,40.909970199908905,52.4423975561742,,,186.0028304513859,7.040837594882038,56.21116790491438,0
309,,gas,owner,no,48.66844399568568,,66.32028150595308,,22.619106497360637,173.82700319829343,7.846193889191482,46.73700372700549,0
310,urban,,owner,yes,45.278873006075244,48.69848974595695,83.39928753948088,,20.398795259004284,155.04246168601225,7.649418280910589,53.56993376934982,0
311,urban,gas,renter,no,51.929200045314246,,,85.65035721675892,23.53666831257297,196.77851629797027,8.085595448769594,50.30753409692512,0
312,,other,owner,no,39.50453262493799,41.79837844433895,74.75378950166773,,20.85680559110689,177.23004339704661,8.658698781942796,49.73414807896712,0
313,,gas,owner,yes,44.39844523386448,,,89.00815623024744,21.417410658990068,157.92913015792814,,55.35309879261845,0
314,rural,gas,owner,,31.924677852432445,49.54459373897527,80.30016554141004,92.28808678454898,21.728915539029618,158.99205278564165,6.256896295400876,53.76776721774177,0
315,suburban,electric,renter,,45.09119980071846,41.19628319155463,,,21.367958938386618,169.46520337192462,9.519543820959367,43.2510384321878,0
316,suburban,,renter,yes,51.70862431292412,40.34698021712234,72.5932195013465,,23.982843218919648,193.9087394999051,,59.00944517748663,0
317,rural,,renter,,55.999617196037654,,67.15127061912807,78.9227005191312,21.57421103663983,177.92055947290174,6.996843461797024,52.28097708310256,0
318,suburban,gas,owner,yes,56.17390226289906,46.77384309469683,82.84800855731133,,,158.50174165424835,6.575479597556668,57.59063205247608,0
319,rural,gas,owner,yes,57.249615926236956,,80.2023348195789,83.35657780700318,22.133718483384627,157.8297037367359,6.993105440128484,59.04102962754089,0
320,suburban,,renter,yes,48.654076766594066,57.70263381190679,83.10792521742782,118.67441009962141,,160.3876801140217,5.040750876765992,63.92516418468489,0
