customer_id,region,device,membership_level,gender,campaign_source,premium_flag,monthly_spend_equal,monthly_spend_unequal,session_duration_equal,session_duration_unequal,satisfaction_equal,satisfaction_unequal,loyalty_index,high_refund_flag,chargeback_flag,high_loyalty_flag
1,NA,mobile,free,female,email,0,38.367514089038785,31.272173997841357,10.059334931941207,12.565644433162888,65.01165579675782,62.985322120628126,,0,0.0,0
2,EU,mobile,standard,female,organic,0,77.33632259175299,80.30290089649232,5.672907518331213,16.66289371132914,74.15903913437104,,,0,0.0,0
3,APAC,mobile,standard,male,email,0,75.13994994532852,91.77464808337055,7.745263949735417,13.805542975196786,84.02150055051088,,,0,0.0,0
4,NA,mobile,premium,female,organic,1,116.03392524861059,137.41441157574428,9.543958615516889,15.23886858570501,92.0468149805424,,82.98729539584593,0,0.0,1
5,EU,tablet,premium,male,organic,1,113.53285842871544,173.6985933559821,12.116079325704469,0.3363939100709725,82.47226941323417,80.96289745799261,72.96663169725454,0,0.0,1
6,APAC,desktop,standard,male,ads,0,62.611201706261184,64.3086825050331,9.72151667521188,10.750414690998324,86.7836941547255,,62.221815905295955,0,0.0,0
7,NA,desktop,standard,female,organic,0,66.95904853031409,91.6193367980128,12.997601082959605,10.590800029626283,80.94146185823948,79.44985506662825,64.30003356473897,0,,0
8,APAC,desktop,standard,female,organic,0,73.53803226759835,91.93645557810493,13.031784244804053,12.782618715810585,66.54920071661438,75.42167951185611,48.643208286589925,0,0.0,0
9,EU,mobile,free,male,ads,0,31.503305249685273,30.25451965013162,6.962984242338829,6.380381037118033,71.30930378735958,,49.67991243543158,1,0.0,0
10,APAC,mobile,,female,email,0,41.74767894601276,51.544262006757265,,11.020081930238835,73.25417580687491,68.36279281188638,46.54698848652047,0,0.0,0
11,NA,mobile,standard,male,organic,0,87.34144056071642,69.27398087519244,6.122207923578722,11.238584672369022,85.034005888722,75.95771737202557,65.24647715638486,0,0.0,1
12,NA,mobile,free,male,ads,0,32.37721239680795,35.963759837684435,6.3713941180301,-4.686234946653297,58.99472043147736,89.82162385296554,33.404286577681745,0,0.0,0
13,NA,desktop,standard,female,ads,0,81.607267069402,69.56466291840931,11.761687229183442,12.223315130898788,78.91786264880348,61.394204867524216,70.36736388601088,0,0.0,1
14,APAC,desktop,,male,organic,0,59.06628259355314,82.79826421712178,13.434795089395713,11.927110631539723,94.43025235206343,,70.19558271803096,0,,1
15,NA,desktop,free,female,organic,0,45.8494838586874,45.707420342433785,12.904775373244828,11.412948376467378,71.34316918543178,65.11120279523008,,0,0.0,0
16,EU,tablet,free,male,organic,0,23.49782234042363,49.2106522703801,14.633904099866545,7.796823380748664,69.87307600972763,55.166297551182325,,0,0.0,0
17,,desktop,free,male,organic,0,25.578011910957883,31.164576890257138,17.502112916672125,11.708871068234533,53.62189772428334,,38.05501488076111,0,0.0,0
18,NA,desktop,free,female,ads,0,46.805046883907,28.16033563777163,14.52958603528972,13.640068446161068,75.61115299883336,58.28801560559182,43.40587019765856,0,0.0,0
19,EU,mobile,premium,male,ads,1,126.34449239570827,141.58807524164578,9.96291595489919,4.2054424872566365,79.39878090895144,60.80644224258145,82.7485462743752,0,0.0,1
20,,mobile,standard,female,ads,0,76.13593903529389,,11.258366193542564,4.29687284234811,75.65272922288081,,,0,0.0,1
21,NA,tablet,,male,organic,0,45.2415034387152,,13.68598993434732,12.557389554905187,67.12048788917083,59.76631146275754,48.30119403838638,0,0.0,0
22,NA,mobile,premium,male,organic,1,121.86318059644755,78.0868538792466,5.980238980414603,7.354216182057035,77.55140770938871,85.52739437550247,,0,0.0,1
23,NA,tablet,,male,ads,0,49.84989600315981,54.06084831203256,5.717630915338024,2.097714086489413,63.9250842441092,,45.70286081282151,1,,0
24,EU,desktop,standard,male,organic,0,70.83928017737955,64.58087808498894,12.947269879167843,15.560625769104734,59.9523208959433,73.01204382133815,48.17071495849465,0,0.0,0
25,NA,desktop,,female,email,0,74.13981206743186,55.825035085899636,11.241855299548996,11.764136591821227,76.35754609024141,81.03744719841403,61.81690641513256,0,,0
26,APAC,mobile,free,female,ads,0,42.445597626026604,44.167428245719286,10.061906036139405,5.778210225494552,69.07278215354755,58.39919077526672,45.5672503405404,0,0.0,0
27,NA,mobile,free,female,email,0,45.082148097561515,42.65047185682392,14.08808043463592,13.890197764440506,65.5340168523546,,,0,0.0,0
28,NA,mobile,,male,organic,0,45.04707864775395,20.086107781681857,11.03814351818842,0.34533331665931755,47.89530208993067,59.24749689673038,39.74275621803171,0,0.0,0
29,EU,mobile,free,female,organic,0,31.193509902587017,,8.679445285370656,14.59370858021237,51.93660225649484,66.36266396231855,48.819641859861996,0,0.0,0
30,EU,mobile,,female,email,0,40.8055724485004,36.55511701587756,6.835978223745392,9.381099169033128,57.50560280231209,,42.15617872795077,0,0.0,0
31,APAC,desktop,standard,male,organic,0,63.002608874980666,82.89436849071194,15.13283813546983,11.415167079020604,82.8025022829224,82.40435083009007,,0,0.0,0
32,EU,desktop,premium,male,organic,1,97.56055625609712,139.18512230500983,8.049542925633537,10.602841785001427,96.82040064399281,76.26028388181666,,0,0.0,1
33,EU,desktop,standard,male,ads,0,84.16175370966408,75.88102991605513,11.218594025767866,13.512273494855094,71.88049799965918,,68.82109964562002,0,,1
34,EU,desktop,standard,female,organic,0,63.0437428810419,84.57350064408686,10.24471475573889,13.954625625809799,89.55694297347134,,71.76816853368484,0,0.0,1
35,NA,mobile,free,female,email,0,51.82467373901997,,,4.441754706504113,63.55065858945853,,46.14114141562974,0,0.0,0
36,EU,desktop,premium,female,email,1,116.29744978117171,98.84045946209169,11.913192997367444,13.270547678476321,86.83792538385987,,82.52173975119418,0,,1
37,EU,mobile,standard,male,email,0,76.12778820627048,73.00556372261396,6.937901879432777,14.373091169502324,77.85712934743971,,61.35497866849237,0,0.0,0
38,,mobile,standard,female,email,0,76.4792327189524,56.2064499313255,7.29838045590218,6.450216926498693,73.05377255944282,69.91702914160706,59.21526549594833,0,,0
39,NA,mobile,free,male,ads,0,28.503421874496603,,10.826741636338237,4.513470793019447,67.36052222613095,71.96527898584482,40.707007527394055,0,0.0,0
40,EU,mobile,standard,female,ads,0,89.76742772738936,60.428033852982566,13.161395504783988,2.3105063739976783,72.81878704237552,80.78005437468072,,1,0.0,1
41,APAC,mobile,standard,female,organic,0,79.33045082847471,61.85926697688696,5.918206659471531,12.908722742673982,87.8558072200765,,70.51513436524166,0,,1
42,NA,desktop,premium,male,email,1,116.41850260330875,,9.964373498573408,12.284692141319743,80.84656112826018,69.13697076668703,81.02377032706107,0,0.0,1
43,NA,tablet,premium,male,email,1,105.85596472024434,161.52672960071845,11.954771949637067,1.9444929092629852,92.47044895589099,105.87499244203991,73.07500002909578,0,0.0,1
44,NA,mobile,premium,male,organic,1,119.62738971515823,81.13101581302496,9.941752527686948,5.313691617023618,86.49522443980929,94.84668187363319,73.74571240771094,1,1.0,1
45,NA,desktop,,female,ads,1,102.8811642172407,110.99046018730449,14.816731158567974,10.861060146285956,70.77517380250605,95.17345537318053,67.95026680772766,0,0.0,1
46,NA,tablet,premium,male,organic,1,118.54493253834794,105.85592354002763,9.146107213472089,14.175855525548066,72.95140075399213,82.73352032653904,79.05202603120551,0,0.0,1
47,EU,mobile,,male,email,1,112.22046653722977,93.53003607255847,11.37184255034743,11.637615941250438,94.39998326939174,82.33603640742372,,0,0.0,1
48,EU,desktop,free,male,organic,0,27.661403831589233,34.06752412823259,12.351432281333942,10.10728057015941,62.743140582194386,,44.966533348159345,0,0.0,0
49,APAC,desktop,standard,male,organic,0,81.50139754359256,80.17718151488872,12.112028377129189,11.792634478091799,90.17902207786666,88.02658729580592,65.00333824587102,0,0.0,1
50,NA,mobile,,female,ads,0,64.74900644552216,82.654480652894,10.928598763766772,14.738050300740792,91.01374710249746,,63.12404880749524,0,0.0,0
51,NA,desktop,free,male,ads,0,38.257164683321534,32.82890316218623,11.299857709967775,10.723300960152525,49.39173992710229,,,0,,0
52,APAC,desktop,standard,male,organic,0,61.918067176418106,,11.842137364945375,10.399195613352653,89.83693741284155,71.20845971665558,,0,0.0,0
53,NA,mobile,standard,female,ads,0,53.029325473818936,62.48096050774239,5.645517742882173,15.304983115515693,77.93170141198216,89.48877161292468,48.09037312071441,0,0.0,0
54,EU,tablet,standard,female,organic,0,64.77107110001594,,9.398807404454033,3.363032499270453,69.83487743116363,72.05903642481928,53.02509706752764,0,0.0,0
55,NA,mobile,standard,female,ads,0,61.01351350802642,,10.094903333913459,4.418749027663011,71.35661533429244,76.30727552743765,50.44625846936206,0,0.0,0
56,EU,mobile,standard,male,organic,0,60.63900770918552,84.98151495040891,7.611804178643309,6.947104899418749,82.32606949748941,73.53936219174776,62.59220410717616,0,0.0,0
57,APAC,tablet,standard,female,ads,0,22.669142958665198,47.51777065550129,12.799360271476187,8.095278819037958,59.122674501642436,87.58110215546299,42.570272808264946,0,0.0,0
58,EU,desktop,free,female,ads,0,45.28557450051161,45.50542548295673,12.640093027077349,13.816586871091177,58.16904047005899,82.07603094376726,41.46228288163491,0,0.0,0
59,NA,mobile,standard,male,ads,0,72.24031433743555,82.56069493804188,5.04866890985242,9.036235337030618,58.01293342831917,77.29644231440868,53.10338527613127,0,0.0,0
60,EU,mobile,free,male,ads,0,36.15963354315849,45.04141118770709,7.479213223831811,10.910831318167299,57.431591060780995,51.98403646078451,49.050797521948034,0,0.0,0
61,EU,desktop,standard,male,organic,0,61.32810284687626,50.58948843466955,9.654729988720046,7.66609248119768,74.25689475466356,78.86116614247285,53.432111937561466,0,,0
62,EU,tablet,,male,email,0,77.33346716665599,59.577138263068925,13.336771442321465,20.887138468535426,88.64143064875921,,,0,,1
63,EU,mobile,standard,male,ads,0,61.36016976299692,78.88813942494652,14.767090085400751,3.0400744761549827,63.19659711833964,87.7993471604077,41.08018803192367,0,0.0,0
64,NA,mobile,free,female,organic,0,29.834049855696136,,11.26113730921899,6.636078258664736,65.38051606832163,58.98659878020833,33.92587919420008,0,0.0,0
65,APAC,desktop,free,female,organic,0,22.266639246446662,23.92695664131787,14.083200241226246,12.477758760430078,59.39287332224603,,,0,0.0,0
66,EU,mobile,free,female,organic,0,54.099205569724305,,11.989906099009662,8.048920973080753,69.60335711204974,59.67414591843518,50.226102222318346,0,0.0,0
67,NA,mobile,premium,female,email,1,105.35551450822679,137.4833355555572,7.9897453351597045,1.0810676514542799,82.8864244579183,,,0,0.0,1
68,APAC,tablet,standard,female,organic,0,78.13036163726346,76.36960200317006,12.586695947283072,9.116907511422228,77.75331580864477,,,0,0.0,0
69,,mobile,standard,female,organic,0,73.5841977803685,77.36459296543833,7.37127104287864,5.705532712282464,74.25302227027771,71.46236466652707,,0,0.0,1
70,NA,desktop,premium,male,organic,1,96.18078380252769,100.65099456501508,6.849750058547496,13.126742881633389,94.79577002543938,82.34949198807563,,0,0.0,1
71,EU,mobile,premium,female,ads,1,111.30370750579097,139.31482525215762,5.832839755984888,13.849996427341331,93.76976765204085,81.04889343481862,76.15512628029629,0,0.0,1
72,NA,desktop,premium,female,organic,1,111.76909132956209,101.78171787592997,11.711828074974632,13.663270090005941,99.72488195835308,79.04276575529965,,0,,1
73,EU,mobile,free,female,email,0,50.20159139567859,35.796729728728586,7.891645817987542,9.37995740732313,60.73626207342335,62.60573923466069,56.37907441382816,0,0.0,0
74,EU,mobile,standard,male,email,0,68.38445130260259,95.26372961565555,9.25977451745597,18.22466180944786,86.46602156294782,,,0,,1
75,NA,desktop,free,female,ads,0,41.00724380002511,,8.571597413793183,11.492500818737179,64.11493455079565,,35.99676893750098,0,0.0,0
76,EU,desktop,,female,organic,0,65.60596323673728,67.7777458999684,9.80964800137592,9.675475846912176,72.43644477912378,79.57077414838373,,0,0.0,0
77,NA,mobile,standard,male,organic,0,71.15433489733188,67.24227672969057,10.017724827245104,16.76844566760497,88.70464142559543,,58.19477215090547,0,0.0,0
78,NA,desktop,standard,female,organic,0,70.68572933997133,60.39165894480071,12.848679071456628,14.817563698218772,82.71742596542269,64.05217589213443,66.74576881889045,0,0.0,1
79,APAC,desktop,premium,male,ads,1,106.85650507920349,103.58794292398588,14.46762997488514,14.001774172311707,89.16930303825278,98.25691984658278,77.00995214808096,0,0.0,1
80,,mobile,,male,organic,0,81.01529396984506,91.88599766812644,8.01139438977435,4.322807269536145,81.62871943816937,,65.22196052274053,0,0.0,1
81,NA,desktop,premium,male,email,1,103.3003561251519,120.55531052726295,,14.180660483451645,86.11767223491907,,72.53442021348845,0,0.0,1
82,APAC,desktop,,male,ads,0,65.7662489743982,30.437331945922175,12.180101024986849,11.689963981987006,56.662109737428054,39.378238626398655,48.75154987868719,0,0.0,0
83,EU,mobile,premium,female,ads,1,111.1155572864609,43.7546928920264,11.192681279244093,11.523713912320375,78.15352336760776,90.13541501667966,62.28218427788803,0,0.0,0
84,APAC,desktop,free,male,email,0,24.80118733142484,55.652237661398786,12.505922520596165,10.0716513226613,75.91570875798215,,,0,0.0,0
85,NA,mobile,premium,male,organic,1,101.39696646413195,,6.557390613251004,11.371468766918893,83.71594800882211,82.83605167618121,,0,1.0,0
86,NA,mobile,standard,female,organic,0,74.97124357193684,42.74979174204185,11.685772590002093,8.037634036113698,70.72073030490591,,,0,0.0,0
87,NA,desktop,free,female,ads,0,41.70514643061556,,11.705610367727644,11.130750569615309,64.85995925588928,54.86791642449574,49.64779194599836,1,0.0,0
88,APAC,mobile,free,female,organic,0,38.700368125090975,37.71929717251439,4.125404624889642,16.378577815633545,73.46484290290995,,48.449238369890686,0,0.0,0
89,APAC,mobile,standard,male,email,0,66.07334649595754,79.59729541967604,6.672295975587745,1.7771317830389783,84.48733545449763,74.34363425986913,,0,0.0,1
90,,mobile,standard,male,organic,0,80.34454029513032,74.95807908838765,8.776342752254832,-0.8275323754008674,75.06533399485689,76.33087499490655,57.63912955636909,0,0.0,0
91,EU,mobile,free,female,ads,0,36.92536157083926,31.334700397624992,10.044828240181282,11.729982697824132,65.78860433601614,,40.047584112239726,1,0.0,0
92,APAC,desktop,premium,female,organic,1,104.04804416614317,78.6063785882611,12.096909277618659,13.523876520690905,73.8359770371151,89.54046693862905,68.89371584966541,0,0.0,1
93,EU,desktop,,male,organic,0,76.34481111116163,72.67739562431946,10.080134938036077,12.327550914584682,73.96341593624216,67.27145169152054,,0,0.0,0
94,NA,desktop,free,male,ads,0,25.312605254363103,27.728939726412317,,12.00218048210683,72.58941246786985,78.2555920351591,,0,0.0,0
95,EU,mobile,premium,female,organic,1,104.74835375917596,113.81310559865658,10.365051112347436,9.347588859331523,81.49612873594377,85.04810399848725,,0,0.0,1
96,APAC,mobile,standard,male,organic,0,69.51211483530224,,8.876345860532494,19.48730301541248,66.89431129778993,81.4537626244778,61.500563318657754,0,0.0,0
97,APAC,desktop,standard,male,organic,0,61.14071998415871,80.25590429562412,7.91227599178347,13.645848502698733,77.4607615663182,72.52402088686584,,0,0.0,0
98,EU,mobile,standard,male,email,0,90.84375638700863,,9.432387965598194,7.532265310942835,62.718842515231124,,56.32216350394492,0,0.0,0
99,APAC,desktop,standard,male,email,0,69.77756882842078,39.92327576362982,10.286904514710894,10.855579262609625,76.41082989710904,,56.87800424894585,0,,0
100,NA,mobile,free,female,email,0,27.027627134511764,36.242145779331175,4.698911812941604,12.216729557034611,62.468734898955006,,,0,,0
101,APAC,desktop,free,male,ads,0,38.05355542163548,,8.813931561382393,11.164268264353032,63.871529839500965,,37.697753139371926,0,0.0,0
102,NA,tablet,free,female,organic,0,37.100739123825065,48.27885349369698,5.91587489778181,10.315715851265127,59.20779893280383,64.62174218705543,26.541667598725994,0,0.0,0
103,APAC,desktop,free,male,organic,0,33.00189645242248,,16.096547558478647,11.765005404219291,71.88240282515252,58.75643479160995,37.65544727551349,0,0.0,0
104,,desktop,premium,female,organic,1,116.22594103808325,120.18165397769408,12.184113219072673,14.536016851678113,81.94029268786535,,83.97521798897895,0,0.0,1
105,,mobile,free,female,email,0,46.20527066847953,47.12825079114617,11.872680652612893,9.483690050090498,66.99265685050135,,40.79653589637618,0,0.0,0
106,EU,mobile,standard,female,email,0,69.54715642138187,89.24824937220521,5.650738915980874,1.9553526821687512,82.45002131344879,67.64754677931514,68.65042794300855,0,,1
107,EU,desktop,free,male,ads,0,44.7873106677102,40.561289433842326,12.561622439953146,15.123537443262283,73.91065125222946,52.406661327139965,55.86748173109816,0,0.0,0
108,EU,desktop,,female,ads,0,92.09871420564576,66.20444682100266,7.213571850113327,10.300100629756505,77.79995319457285,,64.69754398000127,0,,1
109,EU,desktop,free,female,organic,0,42.0149617896951,,,12.694425025067009,71.0627889298718,,52.781738104097684,0,0.0,0
110,EU,desktop,,male,organic,0,67.33535177162342,83.50728859171096,12.899525607850721,14.285104063259805,86.57911148163525,72.1774409241121,63.055416073634476,0,,0
111,APAC,desktop,premium,male,email,1,111.38103455229816,67.41542749489354,11.28202367439508,11.581923534772505,71.3657955248315,94.21418755070056,71.67751843616271,0,0.0,1
112,EU,desktop,premium,female,ads,1,115.57492866520504,50.533868724839756,11.772783224358376,12.47400476479566,92.77799964288532,,,0,0.0,1
113,EU,desktop,standard,female,organic,0,77.87591765817577,81.76472239458656,11.684554430295583,15.574592358652122,70.12088567338292,76.34742965737689,,0,1.0,0
114,EU,mobile,standard,female,organic,0,81.46269186151814,65.88218047372419,4.979321598855301,1.8313711433116575,81.19748523688101,82.3521573155043,,0,0.0,1
115,APAC,mobile,free,female,ads,0,45.34545828019903,43.695168554884404,11.931696290061497,9.81964031803292,54.04464818821719,91.86036654961345,,0,0.0,0
116,NA,mobile,free,female,email,0,53.50737015045901,43.16588412450646,11.637425064349923,17.654980900635962,52.18098916943231,,47.30166387471231,0,0.0,0
117,NA,desktop,standard,male,ads,0,78.35578214860271,69.00519344406929,11.284220605259057,12.962664358474207,66.1349228370469,86.55113051636738,,0,0.0,0
118,NA,mobile,premium,male,ads,1,125.76360879528687,158.68612082479768,10.099951761213227,9.809057798085485,87.64265109155063,,92.30596482012778,0,,1
119,APAC,desktop,standard,male,ads,0,50.206992501672374,72.5200103882177,14.74230714140726,10.83689954244591,84.88832031058115,79.21350065839566,55.08809596957271,0,0.0,0
120,EU,mobile,standard,female,email,0,65.0425543439137,65.84230825564869,9.634106158163934,5.093487301628141,68.63168799674624,81.84852397119907,,0,0.0,0
121,EU,tablet,free,female,organic,0,41.62557985855861,39.74904484596507,9.292141925795224,8.51294960495407,65.75699670340354,,,0,0.0,0
122,EU,mobile,standard,male,organic,0,60.993554976694526,36.87177936593162,7.73287015117366,12.129457709743711,92.43825395877246,72.48460957757013,,0,0.0,1
123,NA,desktop,free,female,organic,0,38.9015462637853,42.29724378969449,,12.686007197062384,55.996406665072534,,34.02944421971617,0,0.0,0
124,,desktop,standard,female,email,0,68.72036085836288,62.67838438297973,11.720187036900716,12.02342457967678,78.03489678094132,63.942388048638634,,0,0.0,0
125,APAC,mobile,free,female,ads,0,56.882344777024144,41.719921145734155,12.449823047383061,9.544019249754474,79.58887610828647,72.03899934856662,,0,0.0,0
126,APAC,mobile,premium,male,ads,1,101.26272974231325,113.0269934078593,6.049361122027363,10.61569189191373,82.7711373122246,82.85556235279512,73.14880602263548,0,0.0,1
127,NA,mobile,free,male,organic,0,34.93944151197049,,6.905907400861326,7.362033351675894,60.366274769404235,,,0,0.0,0
128,NA,mobile,standard,female,ads,0,71.89205524543836,,9.240884087790661,13.359195593742218,69.31887161246487,,47.253534368886946,1,0.0,0
129,EU,mobile,premium,female,email,1,98.61026468395914,171.98605375847885,6.814630178092569,12.365631276429182,94.81225451756879,91.7223643561998,,0,,1
130,APAC,mobile,,female,ads,0,78.73425371172728,106.41546296788914,5.9742851145087705,5.592769908042928,97.12745244803963,52.20249435147525,,0,,1
131,NA,desktop,standard,female,organic,0,66.81642286089827,67.5082092349009,15.360980982928169,12.019684707872603,83.05972735472619,79.00075400383787,50.50506491636766,0,,0
132,EU,desktop,standard,female,organic,0,72.22406227154198,58.902077163693896,11.318433556564603,10.630683514305947,69.47056065006322,84.65509192064492,62.81011570363772,0,0.0,0
133,APAC,desktop,premium,male,organic,1,91.83216865004377,156.45157148051186,10.827828790811816,12.062170479762356,88.56407156313689,85.74449876446069,69.16621283262316,0,1.0,1
134,APAC,desktop,standard,female,email,0,68.46715629825763,63.44424093311159,12.885707049376638,15.062357728769541,64.35045622436631,65.892123041443,50.53048545515191,0,0.0,0
135,EU,desktop,premium,male,email,1,103.42436930991079,123.76146807253286,15.317101049566475,10.127630721127124,80.62872799888625,,75.86157118188265,0,0.0,1
136,,mobile,standard,male,ads,0,79.3836495119026,52.46487413901787,9.822946396451977,8.1790965101852,80.49030162419096,,58.440784459499795,0,0.0,0
137,EU,desktop,free,female,organic,0,26.884978558722104,51.60626680672654,10.896738014463217,9.517777869915227,69.02120548229061,65.09717729015019,,0,0.0,0
138,NA,mobile,free,male,organic,0,43.11118036385881,52.99638829609431,10.200926945208172,5.662791176518903,62.26300171428995,,51.34153181431964,0,0.0,0
139,NA,desktop,,male,ads,1,116.64610219730443,127.44754426200198,14.225157931734662,13.428956986236622,84.80374843866598,64.46904621760697,76.9999851029007,0,0.0,1
140,NA,tablet,premium,female,organic,1,112.4542297784108,95.83611096627139,12.365354372082997,9.94660389509464,91.28181670314918,84.47364749343025,,0,0.0,1
141,EU,desktop,free,female,email,0,41.53332565851831,43.80758314819556,10.274160567989572,13.88208786702284,66.08623648100642,,48.68370522765964,0,0.0,0
142,NA,desktop,free,female,organic,0,45.3415314662313,29.150057922434677,12.814284222827004,11.08635181503798,54.050394758274734,71.15601188063718,35.489575226199435,0,0.0,0
143,NA,mobile,free,female,organic,0,41.4940031164074,25.553903998669703,9.785627797151108,5.966026071161846,67.45949194994195,71.74928131839155,41.60774066351266,0,0.0,0
144,NA,mobile,standard,female,organic,0,67.94708358669081,80.56547733976082,11.460421611955915,13.097188858596889,66.0092605624717,,,0,0.0,0
145,APAC,mobile,standard,female,organic,0,63.40962987304231,87.12286262154218,6.947810136405717,8.666159219936885,79.0390531147863,75.29939868278186,63.9841470013688,0,0.0,0
146,NA,desktop,free,male,organic,0,31.462462866834578,39.3460342863604,11.754338442326542,11.35990639793734,74.04838879003621,,38.74552046958167,0,0.0,0
147,EU,mobile,standard,male,email,0,85.47176383398798,52.0461503094461,9.871694817149347,5.481082075407382,76.10969802961246,,67.72138312568352,0,0.0,1
148,APAC,desktop,standard,male,organic,0,61.64632353471139,70.07520285844029,12.367321467366427,11.19396308681065,83.84071963355112,72.63132493880875,60.83995114555278,0,0.0,0
149,EU,mobile,free,male,organic,0,59.01162747473025,37.63895771838588,10.268612266278259,6.861690448873011,85.87311703576908,48.47726504893808,,0,0.0,1
150,EU,mobile,premium,female,email,1,111.54225050000196,170.00896905711528,6.472783544146928,14.437506668740514,87.14381632187005,106.4700238269466,80.83160662488538,0,0.0,1
151,APAC,desktop,standard,male,ads,0,89.42899156743567,,15.702480792434967,13.970220248953462,87.22802225351444,,81.62898787481282,0,0.0,1
152,NA,mobile,free,female,organic,0,45.61491119138621,34.80664395073598,13.407495434566517,7.77315592690523,67.38142846826108,67.92303262047882,41.35178282641457,0,0.0,0
153,APAC,mobile,premium,female,organic,1,111.27371283673304,132.28413923385196,10.449034201940817,13.878644706966607,81.63316419252075,94.99741450533845,71.14100038752301,0,,1
154,NA,tablet,,female,organic,1,119.38631551843339,106.16899919549155,13.68758635950352,-8.03845401308202,88.30248254189117,,,0,0.0,1
155,EU,mobile,free,male,email,0,55.3575911058401,,7.446947155761282,18.146917410247244,54.843387972800485,,36.22280739952379,0,0.0,0
156,APAC,mobile,free,female,ads,0,56.666960612607355,33.595064676336804,12.311749973371345,12.472612255274724,68.29719942754552,,46.39120033339565,0,,0
157,APAC,desktop,standard,male,organic,0,67.48441872203318,78.02073650087395,11.109424662049184,11.272332714401957,72.80517947742605,72.95953690304721,54.210583366957614,0,0.0,0
158,EU,desktop,premium,female,email,1,132.66983118090153,137.5307740638665,13.326407447108146,13.325443189068412,80.15792718335328,90.74363838700147,71.25038971850354,0,0.0,1
159,APAC,desktop,free,male,email,0,31.54003009972109,46.467216667514286,9.997005893366724,11.30917416407823,64.60662854595714,,45.79637221822775,0,,0
160,NA,desktop,free,female,organic,0,57.830300590306514,41.92258906192686,11.417529768158007,10.50970791934978,80.45668569573898,,,0,,0
161,NA,mobile,free,female,organic,0,45.30862706215576,43.59579991146967,9.777512560730004,7.3488840158192374,67.82537788388204,,44.24142179432345,0,,0
162,NA,mobile,free,female,email,0,40.22630668513675,26.5469508626093,9.728114992919105,11.620619183804166,56.94134142629971,,,1,,0
163,EU,tablet,free,female,ads,0,33.28815686546321,54.86985575192243,11.143083877825214,10.00086577953495,68.90882161854528,,,0,0.0,0
164,APAC,desktop,free,male,organic,0,48.04164196022735,25.99268571356356,13.17957474050556,13.136828212925703,50.3406663570488,68.54256238346146,46.1545616601648,0,0.0,0
165,EU,mobile,standard,male,email,0,87.04779551528269,,12.952154410472351,11.163039764954778,79.41596803652622,,,0,,1
166,NA,desktop,standard,male,organic,0,77.28227438621039,97.02537505885566,14.791874635940529,12.010158980929418,71.48109973779995,73.28720294192313,61.75774119613219,0,0.0,0
167,APAC,desktop,,female,organic,0,81.37277770914457,58.39979394108752,13.583285721877685,13.145969089001335,76.93515498937842,82.75061711141795,58.64546520545783,0,0.0,0
168,,tablet,standard,female,email,0,53.07773477755545,56.09284704949277,13.245284025906827,19.29343286359535,72.17076973801471,,53.128365640474435,0,0.0,0
169,APAC,desktop,free,female,organic,0,52.31215054263927,27.41846140154829,13.393021577658825,14.55051620976895,64.82592835202877,63.187244667711084,35.329026891038794,0,0.0,0
170,EU,desktop,premium,female,organic,1,109.05926383362468,106.33452220748316,12.96407223929513,10.646472389904929,79.55650936876494,,80.01165302061881,0,0.0,1
171,NA,mobile,premium,female,organic,1,94.29760331680961,114.17238854860811,8.983350601545467,8.85981252735194,84.2346064377507,,72.40292452753745,0,0.0,1
172,EU,desktop,premium,male,ads,1,119.2051938719562,,11.30293354033916,11.329939601972237,76.13125606113746,95.92376145656507,53.09611670705072,0,0.0,0
173,APAC,mobile,free,female,ads,0,54.073624888660945,51.78714192401121,10.896005961633053,10.637600676613385,77.57217874339352,72.30392389011328,,0,0.0,0
174,NA,mobile,free,male,organic,0,39.87297380241998,32.59561886650694,9.52851504687132,20.190461654573625,66.59579099131577,70.13382594772204,49.31887339300205,0,0.0,0
175,NA,mobile,free,male,ads,0,48.38534939769438,43.89458192866867,12.786852778032465,6.406821483529482,70.40007426812409,,,0,0.0,0
176,APAC,desktop,free,female,ads,0,29.496125571434742,49.90131535716751,12.097683534817563,12.559876536311958,72.34361966811534,,,0,0.0,0
177,APAC,mobile,free,female,email,0,27.006755265190822,58.18156050570456,9.519678634339433,14.713386986496943,68.85909170605356,63.167699771788286,36.23127018222455,0,,0
178,EU,mobile,standard,male,ads,0,63.15472273284393,75.21669326148925,14.765032324861728,16.433811059903686,72.37740873542327,86.31193842907015,57.18698235438226,0,0.0,0
179,APAC,mobile,standard,male,email,0,56.846344443988016,78.91872289585251,7.202484335696662,11.552893952300812,75.26621762020484,78.3527699523097,49.90647635063201,0,0.0,0
180,NA,tablet,free,female,organic,0,56.82518754060135,35.793456536453505,8.89110119848948,5.725278563280468,64.15941895707343,70.69618208066372,50.69041787934806,0,0.0,0
181,NA,desktop,standard,male,email,0,68.29493870525435,51.45105610855586,7.6964431957196044,11.325316992935162,79.79758077833831,66.7870135691222,,0,0.0,0
182,NA,mobile,free,female,organic,0,31.005492925902114,47.43979395422897,10.525001915666476,9.573066437357937,64.91938379591826,66.34991305455955,,0,0.0,0
183,NA,desktop,free,male,organic,0,27.256981611094062,41.641944290109585,9.181878723725212,11.966112382123898,80.94537975590325,,53.5338702618488,0,0.0,0
184,APAC,desktop,standard,female,organic,0,67.37170894229523,81.51180887238536,9.722529883857801,16.683943172038823,76.9551612215352,78.5928467019465,65.77473933565014,0,0.0,1
185,APAC,desktop,free,male,organic,0,33.99878853089962,40.666953051901444,10.806605479810127,12.813773565322471,75.44660295919522,,,0,0.0,0
186,NA,desktop,standard,female,email,0,50.83115810716377,,12.792536409724066,14.471158284707657,78.06250463257821,75.82576460358464,56.07436578096823,0,,0
187,NA,desktop,free,male,ads,0,33.25725892585244,,10.234531753923,9.04891093515174,68.69376647243156,87.94860009430946,43.47566070228654,0,0.0,0
188,NA,desktop,standard,male,organic,0,81.33754838188466,93.69406055877023,,14.073074168463528,77.0690496290473,71.04120337473381,62.66292209139631,0,0.0,0
189,APAC,desktop,free,female,organic,0,47.83110853467716,22.116552904055432,16.705701564208713,13.029798016527318,52.38534142104418,65.66494456915046,42.05362047619533,0,0.0,0
190,EU,mobile,premium,female,ads,1,123.24586314324294,118.17812495329524,8.044439369070771,1.816945188448078,75.15333418859264,,74.09621500581194,0,0.0,1
191,APAC,desktop,free,male,ads,0,51.193926137873774,33.96614424563441,7.95631125709178,11.231648365914618,78.28045089939737,37.584634374793275,52.27392593224982,0,0.0,0
192,NA,mobile,standard,male,email,0,73.1804390923542,83.85314240685076,11.741698754470717,11.119540579529604,77.77298865218762,,,0,0.0,0
193,NA,desktop,,male,email,0,28.9657224076457,35.274880683085215,14.542635781858664,12.687356452757603,37.28474370761235,55.61987623231667,26.250506153263178,1,0.0,0
194,NA,desktop,,female,ads,0,45.94432784481373,44.815270118884854,10.850230649106019,14.582238717206991,70.52284488036364,,55.98951420136868,0,0.0,0
195,APAC,mobile,standard,male,email,0,70.09393878104669,65.18637295387536,12.392866068055621,-0.24154222706659567,86.93129503436793,90.60040190552897,,0,0.0,1
196,EU,desktop,premium,male,organic,1,112.76170569645559,112.8073030049028,10.703395225708192,11.72346071273493,98.00611628540082,72.71670236079358,81.02889597331523,0,,1
197,NA,desktop,free,male,email,0,62.138700325936156,30.686165253258494,18.057603335322824,8.584824394868889,60.279011393137175,70.63000867363944,51.37229586382297,0,0.0,0
198,NA,desktop,standard,female,email,0,78.38765501895546,58.57434138910163,17.00638764975917,12.322729906701994,72.71590875631976,,58.63571174985945,0,0.0,0
199,NA,desktop,,male,email,0,60.31118122893463,38.016485213159,7.918876823573162,10.765237130285273,64.73435520179493,67.84726434964561,,0,0.0,0
200,NA,desktop,free,male,organic,0,33.58261472014067,51.064675325049436,15.008133646285614,13.588181424222293,73.09509316289953,,44.9012652814772,0,0.0,0
201,NA,desktop,free,female,organic,0,31.63027536736692,36.08180708089531,3.5135434538714208,11.272250257864192,77.31901268039384,64.27936382560176,53.75666436373955,0,,0
202,APAC,mobile,standard,female,organic,0,71.28895866643363,,4.2684679190562225,6.500791640368141,75.3330722603667,71.6005975358245,,0,0.0,0
203,NA,desktop,free,female,organic,0,47.943628717718404,46.40643462314251,14.118581996278017,14.460446594675856,53.55186639025399,72.32286753761376,46.15891602910557,0,0.0,0
204,NA,tablet,free,male,ads,0,42.80459678226554,50.38502624857602,11.176371226176435,22.46536689758552,77.19879854335582,51.61065315955882,46.282344939255715,0,,0
205,NA,mobile,free,male,organic,0,44.475782421391486,37.21406915649844,10.080514216120005,2.424552041042995,60.286438902753204,63.43354924939737,,1,0.0,0
206,APAC,desktop,,male,organic,0,89.68935905852132,71.36312716820755,12.095165152773285,10.283381486238047,65.26320157281191,79.34759923823029,57.21242564440011,0,0.0,0
207,APAC,mobile,standard,female,organic,0,74.24092784662577,76.64740276443669,7.138891967357731,8.999555741227953,79.05594789387735,61.19362660161952,59.61151600124714,1,0.0,0
208,NA,desktop,standard,male,ads,0,64.47172130853788,46.03299132906845,9.163212898787652,13.095894191281051,78.55198262014935,,62.002479829555675,0,0.0,0
209,APAC,mobile,standard,female,organic,0,69.1986783084224,63.70876676942645,9.497134785297801,14.220194231076565,65.49970147008503,,,1,0.0,0
210,APAC,mobile,,female,organic,0,55.04653434859351,,9.417749056515317,12.328086807176781,83.58808844557718,,,0,0.0,0
211,EU,mobile,premium,male,organic,1,111.92075394120947,153.25267704822653,11.487074361375427,18.18575476902263,105.31057285785585,94.31842022176255,,0,0.0,1
212,EU,desktop,standard,male,organic,0,70.45218700217433,78.42562731740797,11.381850760299137,12.397681724142085,72.98925248750669,83.34777286789566,,0,0.0,0
213,EU,tablet,free,male,email,0,24.64535455645772,52.75058224419524,10.955289237035192,22.042077844165433,67.70720379762683,62.805389572323676,37.675347856597725,0,0.0,0
214,NA,desktop,free,male,ads,0,51.8365713412867,41.58130433500627,9.735375597147138,16.212229487506352,73.04507170346022,68.391129002936,49.112347289202695,0,0.0,0
215,NA,desktop,free,female,ads,0,42.07653648372999,,7.5110691841959305,13.621904557823546,81.74560591936589,62.7690269584173,57.77287558036522,0,,0
216,EU,mobile,standard,male,organic,0,91.92914894164572,75.53568273277062,7.5405501048439145,9.269971927327216,72.37258194875076,77.0731139113198,69.35217314555936,0,,1
217,EU,mobile,premium,female,organic,1,119.48108648746287,87.19198941315166,9.82850683728734,5.1590468453332825,72.80636781292591,,75.2338424815237,0,,1
218,EU,mobile,,female,email,0,89.39164990915171,74.56452372786023,,10.926845310512242,70.01190514391892,70.95095857192942,55.577632543570076,0,0.0,0
219,NA,desktop,,female,organic,1,100.47150687425362,116.71156135835776,12.538373173547274,12.200275404327336,80.91135960369637,83.2783049308352,68.8746282669236,0,0.0,1
220,NA,mobile,standard,male,organic,0,67.833080095001,77.04967414122397,9.969826339767689,15.779674987170807,77.1896055951435,81.31565742213375,67.00349348126133,0,0.0,1
221,NA,desktop,free,female,organic,0,35.205788071826966,,12.223590944649388,13.201243210332263,61.6869944757605,,45.212812339470474,0,0.0,0
222,APAC,mobile,free,male,organic,0,56.379600404484556,,11.138369105790556,8.68359732095778,69.83992652293294,71.92418618962986,53.64698124297504,0,0.0,0
223,EU,mobile,,male,ads,0,76.749030862989,,8.175045187137531,13.61007632137532,78.27580322194203,38.33599715443132,,0,0.0,0
224,EU,mobile,premium,male,ads,1,110.87411183774745,101.26830948483955,10.472504706010962,3.809844759382294,76.44231355334446,,72.26516245519962,0,0.0,1
225,NA,mobile,,female,organic,0,38.74876404515984,19.682953495802963,9.763608448596893,21.920698030485212,58.509150327819114,,36.96141768474327,0,,0
226,NA,mobile,,male,organic,0,81.11097945612241,90.8227843291177,12.25365112331512,8.584239582649536,70.20171569574265,68.3211163204331,64.44451524616883,0,0.0,1
227,NA,desktop,,female,organic,0,60.24299123864957,,12.224959214719364,14.66076415047894,72.46021363903185,92.88835964144667,56.68766036461903,0,0.0,0
228,EU,mobile,standard,male,organic,0,59.59685083791948,34.42343036475327,5.626002646851209,0.14637621172371773,66.43772480427849,78.58426839041583,,0,0.0,0
229,EU,mobile,free,female,email,0,34.15036372746142,48.14991679425438,8.640679062672275,12.355895373712304,61.0058221553971,,,0,0.0,0
230,EU,mobile,,female,organic,0,62.161161932432336,,11.54508764221979,5.945956644721631,67.7088060886421,67.76819166319362,58.368538892312316,0,0.0,0
231,EU,desktop,premium,male,organic,1,109.62151129425544,93.15755332299301,16.784668325056025,10.36013275797139,90.60959858344951,84.97041899112848,82.96398663759786,0,1.0,1
232,NA,desktop,,male,email,1,94.47608794287446,141.7016293814027,10.507557852349244,12.384418133183928,89.36495070356379,79.15568017412029,63.757373432155006,0,0.0,0
233,NA,mobile,premium,male,organic,1,104.64200364328926,60.65438436173065,12.142663372405671,15.679917630434945,99.21134622083467,90.38299025192694,74.42481345728683,0,0.0,1
234,EU,mobile,premium,male,ads,1,121.74747489323286,139.50864831811325,13.547433125942721,5.656776192843813,84.05762152961671,,77.8876314529475,0,0.0,1
235,EU,mobile,free,female,organic,0,62.29575900314417,47.96895879609235,12.409865589870908,16.87706086028848,73.41427275794898,63.397881531613855,53.307104279806225,0,0.0,0
236,EU,mobile,standard,female,organic,0,58.31800563354339,72.09887316549857,10.343898788667797,16.477925055130285,74.96831447722013,,50.64393989558414,0,0.0,0
237,NA,mobile,standard,female,ads,0,76.94601512381502,69.34162801551624,10.309309907845964,8.478187602880292,79.38200705855162,63.014226431557944,,0,0.0,0
238,EU,mobile,standard,male,organic,0,77.68289684070949,67.51847735993836,7.655111230476836,6.279114080700981,78.67973020332231,69.06206103319604,73.41786049398652,0,,1
239,EU,mobile,,male,organic,0,31.534489039888157,36.12975123659726,6.03262834877079,5.117390142390448,61.338980425835416,77.88946974196745,50.13427153494551,0,0.0,0
240,EU,desktop,premium,male,organic,1,109.115531809619,,11.055028843351424,8.798324509338391,94.76156260427639,99.70169252200733,88.70489595186677,0,0.0,1
241,EU,desktop,,female,organic,0,76.24213219995356,,8.8931457028038,14.849061317855671,68.06122438765715,,54.45054829854726,0,0.0,0
242,NA,mobile,free,female,organic,0,37.11260481217911,,8.673429372312533,12.348558245287457,61.649292548325015,64.03888561596166,48.7311294412769,0,0.0,0
243,APAC,mobile,,female,ads,0,39.130675098979054,52.859572567516,10.911133094680807,3.2279717711576836,50.21986148053692,89.53779181252268,37.37528407086815,0,0.0,0
244,EU,tablet,,male,organic,1,118.0592955243155,101.51274770545066,13.86897374174415,0.5653546543273169,77.59628913895473,84.40492752881391,,0,0.0,1
245,EU,desktop,standard,male,organic,0,56.9482080536895,70.8922893903434,,12.528964190471198,91.59689802035044,74.2998993581774,,0,0.0,0
246,NA,desktop,standard,female,organic,0,74.29858383077466,,8.513982942130648,14.545467221013055,72.80621563709676,69.56324850284035,60.217069845628984,0,0.0,0
247,NA,desktop,premium,male,organic,1,101.2144856080041,140.27865794567512,15.46926653343876,13.678194884318795,98.78922601828697,85.55770716207233,,1,0.0,1
248,APAC,mobile,standard,female,organic,0,85.54070920265573,58.41853781417057,8.146498225875122,11.778163504677371,64.70456718759704,74.47178812280173,59.45548690602467,0,0.0,0
249,NA,tablet,free,male,email,0,48.50623379292715,36.17628617602919,10.568126239620211,15.38573643754853,66.37959026615486,52.477665150287685,,0,0.0,0
250,APAC,desktop,standard,female,organic,0,80.01876289472143,71.50832995313532,16.18371178366194,8.099572117138289,80.20724073287705,68.17957942119281,68.6020297433138,0,0.0,1
251,NA,desktop,,male,email,0,34.54535588263323,39.454598791486795,13.62236186064926,11.231126998965834,59.231872846125654,,,0,0.0,0
252,NA,desktop,premium,female,organic,1,118.28823221909262,162.1950228674441,9.571535551632444,11.845877230442552,79.65568681239604,88.18973306766347,75.81684870916797,0,0.0,1
253,,desktop,standard,female,organic,0,56.828652558939766,61.376496633264516,16.885961106283347,12.064682522827898,83.5426248952065,,53.40942373531602,0,0.0,0
254,EU,tablet,,female,organic,0,63.97397629085792,79.9992851488545,12.347140252078534,-0.1129155226351628,65.35886284254394,79.66360951348267,46.03884771476048,0,0.0,0
255,APAC,desktop,,male,organic,0,66.25404061472231,71.24910706980528,10.485260658671427,11.63277345974521,80.86901765787128,78.00771226949664,,0,0.0,1
256,NA,tablet,premium,female,email,1,112.11413618295862,142.10047097317602,13.903249924810448,15.373564239152564,84.40653466563242,83.36750769316966,80.49999110921499,0,,1
257,EU,mobile,premium,female,email,1,105.50379522188999,82.03738236678618,8.63001750476965,-2.868774956915333,89.13527461602268,81.95199583931849,75.29146106377304,0,0.0,1
258,APAC,desktop,,male,email,0,34.09437604858706,27.48971494458742,13.088572383490769,11.024227162114562,82.2961540260745,75.70074495882815,,0,0.0,0
259,,tablet,,male,ads,1,125.68581871210829,,12.070447152593745,17.633467625544696,74.61226700236497,96.33580978597595,,1,0.0,1
260,APAC,mobile,free,female,organic,0,49.691802379984075,27.527471023511474,,9.575928456613788,68.88897373181689,,,0,,0
261,EU,mobile,standard,female,organic,0,83.95258511905583,85.68785333279901,10.43302645345244,12.987990086018637,75.21036026052093,81.94694529741093,62.60667687051698,0,,0
262,APAC,mobile,,female,email,1,130.90110448789747,155.9423915643926,7.013738964771687,6.976589411662406,93.45407671145597,81.83947563684173,,0,0.0,1
263,,mobile,,male,organic,0,19.20816310090663,46.590001690469784,12.739352276623219,7.3110892228346644,66.62703432092435,,42.75235742255652,0,0.0,0
264,APAC,tablet,standard,male,organic,0,68.02982292469349,67.44329497989374,,-0.5393121970548123,70.51451684241462,84.04422701336759,,0,0.0,0
265,NA,mobile,standard,female,ads,0,88.47192382456817,63.014740066151006,9.14423431584576,14.574546543219217,70.68396290973891,,61.53486128900376,0,0.0,0
266,NA,desktop,free,female,organic,0,54.71894445299477,45.72616217090188,10.857183921850183,13.24163831289299,70.92831067198885,60.01415915090215,,0,,0
267,NA,mobile,free,female,organic,0,49.53981035097594,35.14952813024972,10.258065126466928,10.761807215806009,71.69360727532657,,55.55653086866699,0,0.0,0
268,EU,desktop,standard,male,ads,0,60.76584748649654,75.47687684464034,11.638411710266869,9.482947946406384,79.20325112556301,,58.3048917748108,1,0.0,0
269,EU,mobile,,female,organic,0,36.4330378100369,41.730452328863066,7.362623783440696,16.721062002504723,70.7611918374236,67.3968010233682,47.32376508010879,0,0.0,0
270,EU,desktop,standard,female,ads,0,69.01447825579898,49.81371907000595,13.386757036179432,13.478304730978953,79.927863192956,,67.84054554525375,1,0.0,1
271,APAC,desktop,free,male,organic,0,51.92290633922447,52.65253440946765,8.401680611482554,13.632194894589475,52.3451603920923,57.94201109045924,36.42821776191522,0,0.0,0
272,EU,mobile,free,male,organic,0,31.607785782286737,38.547857030255464,8.679826882902628,18.065428150595118,71.66417491121491,70.26570847369878,,0,0.0,0
273,EU,desktop,standard,male,organic,0,72.30133319248593,59.28863511607714,9.469172427968541,15.902662171741536,75.79972116042852,69.93042641654206,52.200617970009496,0,0.0,0
274,EU,desktop,standard,male,organic,0,53.02947142310937,,5.735170591401852,10.545773482349027,64.63075658580115,72.98800339794677,,0,0.0,0
275,NA,mobile,premium,male,ads,1,109.44895444983047,102.33650494647823,7.840859606146621,7.070628992831139,115.6609955659662,59.43503656966328,91.9446423686228,0,0.0,1
276,EU,mobile,free,male,email,0,37.48223279428147,,13.986402983694957,5.7458696943176655,68.29755135536686,,,0,0.0,0
277,NA,desktop,standard,female,organic,0,57.50306830862364,54.017739426920414,16.492388570575134,8.43319888363919,68.16340299791246,,,0,0.0,0
278,APAC,mobile,standard,female,email,0,93.97325917227585,75.32293757169535,9.6975462176828,7.112046511109598,85.59894224068643,71.04156024366804,72.557107833744,0,0.0,1
279,NA,mobile,free,male,ads,0,40.78762190524567,44.30094686981376,4.576383478472195,2.8107854607909175,67.24482875913228,67.8607814322799,,0,0.0,0
280,APAC,mobile,,male,organic,0,69.27706794186946,33.465913708948456,5.01457916908244,15.150682178432948,77.10735046128019,63.47097336531449,,0,0.0,0
281,NA,mobile,free,male,ads,0,53.69714117318479,47.44902451482064,10.564409546223077,13.30747343506382,59.82285376084437,,49.05718071716285,0,0.0,0
282,NA,mobile,standard,female,organic,0,67.01280419141138,64.56511623360306,10.18487473993341,9.322786077002037,70.98033043052787,70.64007159112958,,0,0.0,0
283,EU,mobile,premium,male,ads,1,114.53182841451428,101.04556740760772,3.6097573800748792,0.46391511047712797,79.70360000232915,112.30194628932587,,0,0.0,0
284,EU,desktop,standard,female,organic,0,59.90265160178508,77.20767387942904,13.813312642424316,11.617646575495716,89.79785288888445,,,0,0.0,0
285,APAC,mobile,free,male,ads,0,38.11244762809952,30.160650841709447,,15.228174046921033,64.6314982423658,69.73192944808953,,0,0.0,0
286,NA,desktop,,female,email,0,75.48834294932622,,11.421280182250934,10.135127495541981,73.15946783595254,,,0,0.0,0
287,NA,desktop,,female,organic,0,43.48951182056064,43.10676002363273,9.330006113121996,9.71038855645397,56.33187083770576,68.41230241929918,,0,0.0,0
288,,desktop,premium,female,organic,1,118.12764218322684,139.64039164466124,8.524806297520826,11.835745935644775,81.06539653477427,,,0,,1
289,EU,desktop,free,male,ads,0,46.570535781170335,51.29853606427045,12.055609483221014,11.290000804535731,62.495460951398684,84.22430717840545,45.295033509278106,0,0.0,0
290,NA,desktop,standard,male,organic,0,87.23890530450565,,10.336148023732502,14.221693629640253,74.7376753904025,,,0,0.0,1
291,NA,mobile,standard,female,email,0,77.96747472449684,84.76231647374047,7.3302850144748986,9.081216900037761,74.08277721164153,,70.47203353289719,0,,1
292,EU,mobile,standard,female,organic,0,81.09045092972727,52.37597823828776,13.257943508020784,5.120187495289651,75.81429457557549,75.43229215770826,65.44198053731898,0,0.0,1
293,APAC,mobile,premium,male,organic,1,101.6281882564399,65.23960337700575,8.164632508339377,11.102303023293842,86.82905598418537,,,0,0.0,1
294,APAC,mobile,,male,email,0,29.831258759102788,44.49404105128147,11.715191347317667,6.782417286847142,62.64301937988574,,43.53666400602456,0,0.0,0
295,NA,mobile,premium,female,email,1,114.26936925278174,91.8913020522976,7.941217807519153,8.493752136395361,84.34150309663866,84.9070110044182,,0,0.0,1
296,APAC,mobile,,male,organic,0,39.14496174053175,37.67693752401504,9.603716349192581,9.807283827179925,67.01681246823311,64.84542868993185,,0,0.0,0
297,NA,mobile,standard,male,email,0,67.15544938180483,88.6833599592948,15.547648366191094,15.438150050684806,59.17421257712169,88.11967235760328,,0,0.0,0
298,EU,mobile,,female,email,0,50.458923163733886,,9.362254751231722,12.177159338294512,73.12415928447476,69.15964299481037,54.670755438152014,0,,0
299,EU,mobile,free,female,organic,0,35.24275162343044,53.7827676807901,7.322660338080155,4.252821688930409,59.943826534223625,,,0,,0
300,NA,mobile,free,male,ads,0,32.12432498202639,,8.616640594186716,11.427354145687923,70.85459707444323,90.40492311684159,,0,0.0,0
301,EU,mobile,premium,male,email,1,98.03836078968467,,9.557564434755994,13.625148947289649,92.45144170751986,,68.20698069003565,0,0.0,1
302,EU,desktop,standard,male,organic,0,84.19398292583664,41.80842583519876,10.389389657663367,13.686236025196541,65.99894749509775,75.70489308105991,,0,0.0,0
303,APAC,mobile,free,male,ads,0,35.635349637568616,42.90949213924337,13.01525634554772,5.733794533409462,56.6865347831348,61.72229893256326,37.42538823803143,0,0.0,0
304,APAC,mobile,free,female,organic,0,31.10991417722169,42.294568028662134,7.75049415392838,10.216494076179995,61.65988668012773,,,0,0.0,0
305,NA,mobile,standard,female,organic,0,75.25213319142634,65.65007312738398,8.013303104284539,10.010329251615,70.15151795356492,,54.67551321355468,0,,0
306,APAC,mobile,standard,male,organic,0,65.57575968104601,61.135007870722646,12.044167378118903,13.994017399126808,77.97967657130528,,58.58766299554809,0,,0
307,EU,mobile,standard,female,organic,0,78.74118066633788,,9.330665317048762,2.7682164139577736,72.56028734892708,77.83420103234522,50.29888387475721,0,0.0,0
308,EU,tablet,free,male,organic,0,45.08469368503399,,6.1168967062289274,13.95019645647077,67.36820167935356,,45.29407853154145,0,0.0,0
309,EU,mobile,,male,email,0,69.57862980464076,,9.390846409666395,12.310610819437578,88.86585697086325,67.88182129488298,60.23863009261839,0,,0
310,NA,mobile,standard,female,organic,0,66.09042968877746,96.27678978456838,10.333052949515427,5.494514955682366,70.27805214961231,74.11569920540327,50.84258898448685,0,0.0,0
311,APAC,mobile,premium,female,organic,1,111.23407372122148,98.16502487967307,9.011023390863832,10.490679845575361,85.97777350238621,96.78208504470993,,0,0.0,1
312,EU,mobile,free,male,email,0,52.172185776612864,44.37152977348629,6.552771647234824,3.954232508652333,61.63044773527223,48.26403096266272,45.7013152296815,0,0.0,0
313,NA,desktop,standard,male,organic,0,73.34796409261617,,12.131715525206985,11.197470272667704,78.33348933716444,,65.14588277572408,0,0.0,1
314,EU,desktop,free,female,organic,0,49.52026008076106,23.007167939443605,13.695164213121622,9.45422955551524,77.86306479750468,45.42872530403849,,0,0.0,0
315,NA,mobile,standard,female,email,0,85.02855912002136,,9.482578035940943,1.8514428704845285,70.95082183630704,84.94405091727128,57.5664244988645,0,0.0,0
316,NA,desktop,,male,email,0,63.04624279977854,68.7488176825691,14.850631848296379,14.01929447292979,76.06145865418102,80.69189146323998,,0,0.0,0
317,EU,desktop,free,male,email,0,48.613056873318826,45.74424755025116,10.714165064698706,13.69546169845115,83.84449076662793,,,0,0.0,0
318,NA,tablet,free,male,organic,0,25.43239196190875,46.92698599119564,11.982767852030618,8.772415427926065,88.15838083533129,74.08206895826072,,0,0.0,0
319,NA,mobile,premium,female,organic,1,116.43558672744064,97.98762076834477,4.164081094933818,9.471022180983118,79.93441949741779,84.82623463016745,72.69240040844865,0,0.0,1
320,EU,desktop,free,male,email,0,54.64208116981578,40.02717476522046,12.308927766514472,12.953124916603048,39.89738011167629,56.97253035993361,43.912705463514726,0,0.0,0
321,APAC,desktop,,male,organic,0,81.2516393763024,70.74607165715743,8.896564687490088,14.037935090367348,82.59105281110993,68.88652384489647,65.551454495191,0,0.0,1
322,NA,desktop,,female,ads,0,61.8370999684263,90.56665449135932,14.717426860042016,13.646914774598056,71.32167594346545,,61.11574172940678,0,0.0,0
323,NA,desktop,standard,male,email,0,74.74972085243958,97.3722264951441,12.448191730331507,13.050065106377893,75.77190247573843,,,0,0.0,0
324,NA,tablet,free,male,organic,0,42.019825095819904,,6.388964254628028,-0.9471860764669806,49.78020983218249,63.32512459422826,40.86859316212869,0,0.0,0
325,EU,tablet,,female,ads,0,47.806675601642496,,8.917080274166675,9.44161040330356,61.48443785695907,89.54161398756484,48.98522467833787,0,0.0,0
326,EU,mobile,free,male,organic,0,45.40796299706689,35.477630189198386,9.000964497851813,15.514795989826942,69.86725338944082,61.51013998786857,48.04460743185152,0,0.0,0
327,APAC,mobile,standard,male,organic,0,69.59202307542402,86.0637184434784,6.501786216177214,13.496746590958923,73.50504498586687,,51.95648349520526,0,0.0,0
328,EU,desktop,,female,organic,1,111.71488304660714,89.35550254295296,12.377302986977035,13.250288218948999,87.23893547080273,,78.74078572891884,0,0.0,1
329,EU,desktop,free,male,organic,0,49.724632469838255,43.439092589065346,9.922369775283977,12.886149526565465,57.84272884826369,69.39240603981436,45.82040286967843,0,,0
330,,mobile,standard,male,organic,0,84.5806451669394,66.56452807862091,4.507297053339376,2.777900192072914,90.68692706095655,,,0,0.0,1
331,EU,desktop,free,male,organic,0,39.52848974885775,,9.663112579250582,11.09550663195256,68.40964812526644,59.91982956599833,45.414257798660564,0,,0
332,APAC,desktop,standard,female,ads,0,65.9573084318016,86.65340223215345,12.655111711588415,13.031869351528748,88.07412254702652,,,0,0.0,0
333,,mobile,,female,organic,0,64.54402038012789,51.472082220833045,10.538827800718801,16.6224898263428,65.51272207608102,70.44782546681422,,0,0.0,0
334,APAC,mobile,,male,organic,0,71.13949936535838,84.76451975264882,6.563571956067388,13.479129217088266,72.87766220740731,,52.53179743157588,0,0.0,0
335,EU,mobile,standard,male,organic,0,75.32910580195646,50.35774996353982,10.122564168193465,14.348061764932265,83.37747855564055,63.64651622089539,,0,0.0,1
336,APAC,desktop,free,female,organic,0,38.56947194831694,38.979785252156574,9.296590311951752,12.97573333120393,64.89986525512948,70.01524035824673,,0,0.0,0
337,NA,tablet,,male,organic,0,45.22078562724519,35.63069547648644,10.566533680789654,8.3822910023507,59.35208569560315,61.20580709915664,39.793393530952976,0,0.0,0
338,APAC,mobile,free,male,ads,0,57.382123672627884,45.91405765204642,7.140231435106724,5.382190832511505,51.0077939276693,52.25115619277635,42.10674137109987,0,,0
339,NA,desktop,premium,female,email,1,113.82016575406676,133.75823883649218,15.296975111678496,10.234926557439417,97.6245657182825,90.70881188860855,,0,,1
340,NA,desktop,standard,female,ads,0,73.0240596383621,43.47602044379212,11.444605332807143,8.609780486293538,72.6584480477388,64.30754768271137,,0,0.0,0
341,NA,desktop,premium,male,email,1,125.94795793313553,102.31320207850368,11.169242883072279,9.955979749216874,85.63772456607052,88.62962147638436,,0,0.0,1
342,EU,mobile,,female,organic,0,41.174605379967645,42.942515677784115,10.5897548366264,4.68357469965534,58.853178066106544,67.4436228788779,36.37882547325359,1,0.0,0
343,EU,mobile,standard,male,organic,0,71.14320849573177,63.49254238088906,9.512657765544846,9.792741845557261,77.40256403637261,75.80915879242963,,0,,0
344,APAC,desktop,free,female,email,0,39.947017934933,,11.836462540857513,9.087279021220041,74.2599091779705,70.3835460235315,55.15356684358537,1,0.0,0
345,EU,mobile,,female,ads,1,114.53390765060263,122.88208492125422,11.39622229028742,4.1049866061154825,88.03532252743106,,78.91242445833319,1,0.0,1
346,NA,mobile,free,female,organic,0,34.80000551897719,44.59093648754168,10.256205618243024,8.469722907871411,67.72614560101854,73.50582293729083,,0,0.0,0
347,NA,desktop,premium,male,organic,1,119.91236114241116,124.16751248859296,5.807133457865617,13.436700464534326,89.00737600734095,83.85740216406725,86.0320249462958,1,0.0,1
348,NA,mobile,standard,female,ads,0,56.97159300577991,,7.128696154995067,6.933432228950263,69.12952350364854,95.45344418632178,,0,0.0,0
349,APAC,desktop,premium,female,email,1,100.51389735556813,103.41590390400233,16.390033806785905,12.633358023119206,84.2997475290313,,71.03664474698765,0,0.0,1
350,NA,desktop,,male,ads,0,69.30503011570063,,9.27781881178027,12.89036289040843,57.900636438035136,81.63648016909731,51.89610173727709,0,0.0,0
351,NA,mobile,,male,ads,0,90.16451844160899,73.88769806880414,12.916360498930194,3.446490580898457,74.8768318582945,79.73513298090431,61.01712591799032,0,,0
352,NA,tablet,free,female,email,0,41.87141607927168,48.914024289602004,10.92473349152588,20.50001945385841,74.94050807995224,,53.48370977956155,1,,0
353,EU,mobile,free,male,organic,0,50.793895849530415,55.829216170495364,11.633682257571776,-2.646564873896729,64.3825703066846,,46.33243391720137,0,0.0,0
354,EU,mobile,,female,organic,0,20.52966639153064,,10.126087038081954,-0.7074013746855172,51.11440959771286,62.867148844177535,35.88601222494485,1,0.0,0
355,EU,desktop,,male,organic,0,43.67065610608436,28.937096405838744,9.471019614932148,12.198990169889743,56.04889102592921,63.00128912665273,,0,0.0,0
356,EU,desktop,premium,female,email,1,111.21424869416498,111.6861445573047,12.149010889124677,9.415406604135304,82.40403724343015,95.47115355431606,85.46911887276053,0,0.0,1
357,EU,desktop,standard,male,organic,0,70.18703550157026,65.20502720558385,14.355582064920574,11.161499861991349,83.0601840507659,74.91174334597567,61.3310783659385,0,0.0,0
358,EU,desktop,,female,email,0,65.67529462168436,75.82817000086378,13.71908128964073,12.4510501802585,68.4181065917647,87.39125421398708,,0,,0
359,EU,mobile,free,female,organic,0,29.03024809970989,41.24021184504008,11.153539221477871,14.809970319068984,65.24355661724988,67.01260892993324,,0,0.0,0
360,APAC,desktop,standard,female,organic,0,65.25788165843372,78.03890168095563,16.769986639523623,11.902432201836163,73.08382785133091,71.34953854639771,,0,0.0,0
361,NA,mobile,standard,male,ads,0,46.77248573842462,69.30564222391617,11.728088848670772,2.8876360950800084,77.2186705053304,,,0,0.0,0
362,EU,desktop,standard,male,email,0,62.08466375537395,50.164731929546214,,12.417506500934527,71.06037263539521,72.85765646140719,,0,0.0,0
363,NA,mobile,,male,organic,0,26.154733607277915,34.99325060877081,5.720837642711695,15.035563243216139,65.94220640990677,61.26222964868959,41.38488830449271,0,0.0,0
364,,mobile,premium,male,ads,1,120.99489178708696,72.38553879067483,10.417623593158574,11.459592536151614,90.42276895789969,105.73725469506154,73.06616702670344,0,0.0,1
365,EU,desktop,free,male,organic,0,28.19192154548616,38.41841773119638,11.690516649243799,16.79657230403313,55.68449666062294,59.94649777292617,41.440280151493674,0,0.0,0
366,NA,mobile,free,female,email,0,44.59217951770488,42.527028520872854,8.56396597144341,4.88045240024518,74.55353482168772,61.30797981932313,45.69877766998543,0,0.0,0
367,NA,mobile,free,male,ads,0,49.54411976679666,,5.540214482291935,6.065817007216014,56.68892040082548,58.593369423357714,45.94462355035649,0,0.0,0
368,EU,tablet,free,male,email,0,32.52283968814731,37.808065303313576,8.362847011704154,16.83132500675022,69.55366929507579,,34.44474743564143,0,0.0,0
369,NA,desktop,free,male,ads,0,28.82696547934671,43.951244778270585,7.44002763763748,13.045122594533288,60.34251888448371,91.63719889291036,39.50266747618022,0,0.0,0
370,APAC,mobile,free,female,ads,0,39.96358937618605,21.02812093554661,13.440222214734153,9.291670512776388,56.13994771418281,63.76302226159208,44.35693282998605,0,0.0,0
371,APAC,desktop,free,male,email,0,50.102862968556735,38.86814987796502,14.501309461493161,9.698793890593437,75.67171484259954,57.97223894201604,52.23059327112687,0,,0
372,EU,mobile,free,female,organic,0,41.41589186871092,35.887296311495504,8.660344709504173,4.801549746747104,48.65251920969701,,,0,0.0,0
373,NA,mobile,free,female,organic,0,38.62239684425774,48.13256473983741,6.694470147560909,12.349280491076781,57.905433680987564,,,0,0.0,0
374,EU,desktop,standard,female,organic,0,102.15144831282089,80.18313284527603,11.134849654128873,12.279965666602077,61.625939377651235,79.58394652827414,,0,0.0,0
375,NA,desktop,free,female,organic,0,42.66966543686655,,13.956757784146424,12.074294350865957,67.61648439466207,64.62962473852521,47.398062742198896,0,0.0,0
376,APAC,mobile,,female,organic,0,38.87865907871839,,6.170241358624876,4.982545736416265,63.32916849611604,74.75311839820694,50.843283032018356,0,0.0,0
377,NA,mobile,standard,female,organic,0,78.49793033323986,79.72419352746277,5.1996586930370094,-3.087914398973483,59.57645306481672,82.7579696596507,49.34274829238515,0,0.0,0
378,APAC,mobile,standard,male,ads,0,74.99041048282812,39.10568318543427,5.830556884573188,18.379954247434853,87.87191057704477,,65.69833761595862,0,0.0,1
379,EU,mobile,,male,organic,1,120.12304191847028,90.64011536463511,13.631276191649,10.740072425964778,95.03602073741547,,,0,0.0,1
380,NA,desktop,,male,organic,0,23.81083055950588,50.52697622769837,10.361554786614349,10.039472226284792,58.91106867751111,69.88929600557522,32.56031301228159,0,0.0,0
381,EU,mobile,free,female,email,0,39.235356795140504,34.838517709187755,,6.1599908177812,72.07708795770965,,50.1339368780129,0,0.0,0
382,APAC,desktop,premium,female,ads,1,117.97401314445362,,9.421930983184843,12.140202514934245,74.78627436887405,,,0,0.0,1
383,APAC,mobile,free,female,ads,0,32.24233980621461,40.14696713606346,8.905037237588743,6.714970354541172,64.534235840565,,,1,0.0,0
384,APAC,tablet,free,male,email,0,48.421648161156234,33.213316341627106,14.552829377775698,14.910410653033482,63.104935285685166,,56.63965958836663,0,0.0,0
385,EU,desktop,,male,ads,0,75.60341774629372,81.57807289497751,8.252465112210382,9.602872697237494,67.76845934038789,94.74206510481508,55.5120343158563,0,0.0,0
386,NA,desktop,,male,ads,0,75.26751694133347,,14.833933594620884,12.076593721132115,80.44829232160816,49.02405336062269,,0,0.0,0
387,NA,desktop,,female,organic,1,99.74457814736607,108.88496446963352,8.718190165721493,13.079873426703552,72.90068725169519,86.94152267216,64.72031124187777,0,0.0,1
388,APAC,desktop,standard,male,organic,0,56.94742631930548,,,12.64046453937901,84.5377988588308,77.284838493482,58.757688091109266,0,,0
389,APAC,mobile,standard,male,email,0,59.37125229219454,,7.301863094185311,10.138955665419811,82.61958831175626,,51.73597112280357,0,0.0,0
390,EU,mobile,free,male,organic,0,32.35343719660478,,12.04854350242261,9.788037969405778,82.05925218030129,65.35931914433161,,0,0.0,0
391,APAC,desktop,free,male,ads,0,44.703682452544946,50.280529870618885,11.704239394536838,11.521822693349883,56.67966244650387,46.026944501025675,53.16362082865994,0,,0
392,EU,desktop,standard,male,organic,0,65.55005462861101,70.89448666433879,6.860290328270419,12.419108384418028,61.07879710453958,74.2076380623171,46.25392355006252,0,0.0,0
393,NA,mobile,premium,male,ads,1,104.17252499491083,182.71602031891865,7.957513561945086,4.11719180880514,85.28648151921271,,,1,0.0,1
394,,mobile,premium,female,organic,1,87.14345874194649,102.45901130419062,10.905458617908447,5.342552414216602,76.55219687162582,83.80058305990724,60.6355050085847,0,0.0,0
395,EU,tablet,premium,female,organic,1,95.54053591596595,117.86888891469516,8.576594010830204,13.56874288371074,74.77403393953813,78.51526649148013,63.981840131522404,0,0.0,0
396,NA,mobile,free,male,organic,0,39.158282846570664,32.43962363454901,9.980012575439574,-0.6121180885846442,73.46344239865529,,54.640454232819266,0,0.0,0
397,EU,mobile,standard,male,ads,0,50.39980034855155,73.26123666598112,11.0700675952436,13.78222929867652,71.71076800867603,94.40309520642306,55.78588772098482,0,0.0,0
398,NA,mobile,standard,female,email,0,68.65784613636852,61.00383209921431,8.815894717621397,7.324007241449085,77.64832516022227,62.89410767061867,61.27708769473286,0,0.0,0
399,APAC,mobile,free,male,organic,0,39.819867964834195,36.9466299865278,6.496903955770927,9.754073217622873,68.79533476712683,,51.46925481758674,0,0.0,0
400,APAC,mobile,free,male,email,0,60.34707573226943,44.73088224828867,7.181771681736301,4.627179238079299,64.54881270787355,63.57024813867925,52.27659663768687,0,0.0,0
401,APAC,desktop,standard,male,email,0,63.63300297268375,77.45305766097113,10.753116651825465,9.14163404327902,79.41714220948899,65.11456556269178,,0,0.0,0
402,,desktop,free,female,organic,0,56.10880449090169,,18.4903852509322,10.79554173508934,47.56828998297574,63.1487185443827,37.63744398829932,0,0.0,0
403,APAC,desktop,standard,male,organic,0,83.02056592738252,81.38974933102661,13.579734987166482,10.30690310249682,86.8907137318432,71.46187621103121,59.41961650524225,0,0.0,0
404,APAC,desktop,standard,female,organic,0,69.59523265737053,66.05816177152803,9.746278139661392,11.95766044465445,77.77732388030316,70.30285071862596,67.34253751905369,1,0.0,1
405,EU,mobile,free,male,ads,0,34.55438874580035,45.9452036963514,8.673753065695097,8.068483144985729,52.054276828457375,52.41982720390651,,0,0.0,0
406,NA,desktop,free,male,organic,0,34.41440559857832,33.1749747604884,9.229752422737285,17.44193096573402,66.88442748232136,,40.784528176117625,0,0.0,0
407,NA,mobile,free,female,organic,0,30.291777405400545,41.253239489005516,15.74244725624082,-8.43015609586828,78.23363799883964,,47.18696525029627,0,0.0,0
408,NA,desktop,free,female,organic,0,32.35134848306285,45.87362664918634,13.676410564741825,14.876385644023848,64.64759110371661,70.57531224323,37.75495204540618,0,0.0,0
409,NA,tablet,premium,female,ads,1,110.25672614542245,98.31077387810454,9.623109653055597,2.5739614175064354,78.68533349110479,64.26618006414004,68.74476318157811,0,0.0,1
410,APAC,mobile,free,male,email,0,52.72223752419649,26.83748418374748,10.693789790594273,18.064113379018295,65.75669908517669,,56.15858443741615,0,,0
411,APAC,mobile,standard,female,email,0,53.71166442934987,64.91372638323037,17.18573966201448,12.185748208387745,66.39470496333638,,52.76211232254073,0,0.0,0
412,EU,desktop,free,male,ads,0,39.791061553435284,29.257881422082065,10.503865985719523,9.409936583320981,80.85890271772352,57.65671232242978,53.02369601606685,0,0.0,0
413,NA,mobile,standard,male,ads,0,76.62076214243807,45.49319141992849,8.80507756489072,8.084371504838188,75.14933641122651,,50.603803762380686,0,0.0,0
414,APAC,desktop,standard,male,ads,0,62.32704872931842,58.23984622153029,,12.140020267157578,76.83832903530477,67.84947323774905,60.02773042791827,0,0.0,0
415,EU,mobile,standard,female,email,0,65.98995965659509,75.885737579741,7.162384270413477,2.8662858815988566,87.88746983459312,62.15879218319026,62.20690873438058,0,0.0,0
416,EU,tablet,,male,ads,0,27.770149148617232,42.13214987018243,10.073181878934856,14.507755982188174,73.83239491898148,26.57835125720861,51.321124398104175,0,0.0,0
417,NA,mobile,,male,email,0,67.777340099523,75.75291370035174,8.923934072497591,11.364509115653911,84.34803629444085,74.50104398520278,63.85706118434457,0,,0
418,APAC,mobile,free,female,ads,0,29.139784908474013,,9.782314662341502,13.487699975679607,61.93590556140333,25.28976657400925,25.231710252506936,0,0.0,0
419,APAC,mobile,free,female,organic,0,41.95036637361609,,9.829242801255646,5.969127741037607,66.84128763387417,71.13641123558278,,0,0.0,0
420,NA,desktop,premium,female,organic,1,109.80552933074954,82.88748869660982,11.938775361161083,8.662117165153369,95.8059555920743,87.78628414378369,,0,0.0,1
421,NA,mobile,free,female,ads,0,37.06525377179566,31.111591799080873,4.3071228731159215,2.9340087755878352,65.31737134645076,,42.76219650209344,0,0.0,0
422,EU,mobile,free,female,email,0,30.591052048100522,39.71470645665209,9.221478221617685,8.492068166570066,77.15641358592833,70.79593855644399,,0,0.0,0
423,APAC,desktop,premium,female,organic,1,105.0744368032045,69.57063198697207,12.194112160916665,10.665474038043214,96.26569416235215,,,0,0.0,1
424,APAC,mobile,premium,female,organic,1,99.55396613998293,,6.567115694551429,6.34421046795734,91.2510650254066,,71.47530520497175,0,0.0,1
425,NA,mobile,premium,female,organic,1,116.74321094668808,117.16924687497989,8.03288174159914,17.496653975741012,89.95433597885558,80.10640188310899,82.92918528092385,0,0.0,1
426,NA,desktop,,male,email,1,102.28012278984134,108.84709109774818,15.608607909728914,12.80987300036162,74.60643282041589,88.38546294649932,,1,0.0,1
427,NA,mobile,free,male,email,0,48.69438359700557,,7.933705053974229,16.216521248727474,63.725688641980014,,49.670996154713464,0,0.0,0
428,EU,mobile,free,male,email,0,47.29803982868635,36.94593604956585,10.986979267916782,0.23915762705377475,68.01482823441137,58.941327180703055,,0,0.0,0
429,NA,desktop,,male,ads,0,31.977300321519607,46.701560480460714,11.748938975676886,10.597565274190448,66.86531975780679,84.38655345430135,49.696267276530804,0,0.0,0
430,EU,mobile,,male,organic,0,34.780000430936774,30.02393787107182,10.562292664983957,7.156339099014746,60.04225515388078,67.29106267862325,45.561622147311276,0,0.0,0
431,EU,mobile,standard,male,organic,0,64.5626230014099,68.95998700864723,10.960574605161627,14.29759226761152,75.12240043323271,,,0,0.0,0
432,EU,desktop,free,male,email,0,49.341620276076085,47.121414043959234,13.706707187059076,11.837498113546726,76.22997780979483,58.40218087307528,54.248358104914026,0,0.0,0
433,NA,mobile,free,female,ads,0,50.333565238559416,50.41640380992015,8.176372225293907,8.504151079639174,59.6039863633438,103.82876515226488,51.50880102308248,0,0.0,0
434,NA,desktop,free,female,organic,0,16.379905680086182,40.590002208217605,10.160434633869837,10.347009315649986,59.36277444627808,68.24249432242011,,0,0.0,0
435,EU,mobile,standard,female,email,0,70.13351427996047,62.29299109042151,6.065277970438475,1.5442875218440086,73.89989270052159,,53.23013924109947,1,0.0,0
436,EU,desktop,free,female,organic,0,46.8757856556431,29.442717186790695,12.278601950862223,11.94070032722058,71.11042121848855,55.75782456591902,45.107651357673774,0,,0
437,NA,desktop,premium,male,organic,1,117.98952980778643,150.60592456901236,8.462458562717394,16.61736889942674,99.18231492689432,79.93048103441427,,0,0.0,1
438,APAC,mobile,,male,organic,0,47.69867577771633,45.3401565921505,11.542669646539089,-1.3228825579018526,72.11296125333389,,44.526168137314095,0,0.0,0
439,EU,desktop,standard,male,organic,0,89.24290906427765,51.69593429743864,11.117325626188029,15.01652264116923,95.15683415792051,64.15135943579114,,0,0.0,1
440,,mobile,premium,male,organic,1,118.1084679963071,161.6300551784992,7.055886887160097,18.34819457161694,86.65862314693156,,73.65480045233642,0,,1
441,APAC,desktop,free,female,ads,0,17.683285916335507,35.1086093079857,3.223352078877122,14.065488989797279,64.77699015711379,48.334364466306326,37.563692196175936,0,0.0,0
442,EU,desktop,,female,organic,1,102.10666611764854,66.21263534807704,8.409598331479984,9.383818154058122,76.98678457641927,,74.55901430264322,0,0.0,1
443,APAC,mobile,premium,male,organic,1,79.16045387351178,124.539202861965,,13.142126471488432,75.80221510691374,,,1,0.0,0
444,EU,tablet,premium,female,email,1,104.34780216451651,109.7215205871843,11.650050427122984,11.017340247253127,87.83498974353414,,77.91363438294444,0,0.0,1
445,NA,mobile,free,male,organic,0,58.646464655903394,,5.531790444911701,2.4507196410307728,56.8954051277025,,40.432007388748204,0,1.0,0
446,NA,desktop,standard,male,organic,0,61.47961093260932,64.68076529161685,11.35497581772728,9.90089665550859,80.56094739820236,71.64347869059768,,0,0.0,0
447,NA,mobile,premium,female,organic,1,106.4207036538726,78.75634541936623,8.125853895232497,-1.4592599781958135,75.6495749936093,84.6096023344325,73.61250154687016,0,0.0,1
448,APAC,tablet,premium,female,ads,1,110.19843434887771,63.32843643622961,8.732000842746025,-1.9435847055143416,85.73813392576795,87.87466508689278,74.97485840343013,0,,1
449,APAC,tablet,standard,male,organic,0,97.70673652776799,67.39127480726802,,9.625175630574724,74.79419845084519,,,0,0.0,1
450,APAC,mobile,premium,male,email,1,107.38501298588804,,9.892735047081072,9.918571758384314,75.9817793080307,76.07870025853154,68.44563013823144,0,0.0,1
451,NA,tablet,free,male,organic,0,48.178131473938436,,7.402632564247858,5.814518313731125,57.461304095787,57.547480900028035,39.929677917302335,0,0.0,0
452,EU,mobile,standard,male,organic,0,74.43930939840389,73.90046217947989,11.349935180122145,3.7209177982425334,62.48196714975324,84.40826771137172,,0,0.0,0
453,EU,desktop,free,female,organic,0,35.71217769738489,45.992649832314,15.703013554046645,11.200018002858522,76.70657622934239,64.0978164722851,45.90299791467553,0,0.0,0
454,APAC,tablet,standard,male,organic,0,61.53034363441459,54.95434153598636,9.23226728797146,6.87215513637862,70.15592817933933,,,0,0.0,0
455,EU,desktop,free,female,organic,0,34.48360299582209,47.84659441851109,12.17329827651038,13.116728012361563,51.417881025241456,,33.18858364671185,0,,0
456,NA,desktop,standard,female,organic,0,66.88861657913668,62.75440630495687,10.419832150252557,15.236173392782199,83.00622747648777,,64.86630041273573,0,,1
457,EU,desktop,premium,male,organic,1,92.65327019990397,91.53990951337992,14.259981123834304,9.88273091916871,76.3782673961776,85.67631678299213,72.0844128120449,0,0.0,1
458,EU,mobile,,male,organic,0,65.02625829378817,85.6727307405997,7.809189050323406,12.962630992490807,75.7900379919952,72.56028137575916,64.78391370061712,0,0.0,1
459,APAC,desktop,standard,male,organic,0,56.43645492878457,,7.227156002699495,10.364591371742339,81.09955429738673,,,0,0.0,0
460,APAC,desktop,,male,ads,0,34.70331974753821,48.79712704776236,8.604170034294468,12.489193187446434,77.61154508719878,,,0,0.0,0
461,EU,desktop,standard,male,email,0,57.16108538458987,64.58575877810246,9.721211220726177,11.115329802206078,88.06990366410521,64.94678431352955,54.27272016287525,0,,0
462,APAC,desktop,premium,female,organic,1,110.93555098635268,57.37838026716211,11.341323766554527,12.98147291560326,84.19149903261113,83.18886419572385,66.33294557620128,0,0.0,1
463,EU,mobile,,male,organic,0,32.04682335112365,35.2141059719756,14.001481091751458,1.4565282379943723,70.88258990884113,56.04967592255027,40.540085310109646,0,0.0,0
464,,mobile,free,male,organic,0,58.19886284178075,24.21359387938422,10.331459728978286,4.62703014829799,76.80255498311325,,,0,,0
465,NA,desktop,standard,male,email,0,61.9591029341462,70.17737449839653,,15.081403607349522,60.8080741850208,76.87211841580873,47.53681902809815,0,0.0,0
466,,desktop,standard,female,organic,0,63.55759809743142,91.49249110211207,,11.90938957790999,82.63688733079636,,,0,0.0,0
467,EU,mobile,standard,female,email,0,76.17241761449651,84.64818140036891,6.758725007184605,15.81428332308216,87.73754402664284,58.720746401052054,67.98963707032082,0,0.0,1
468,,mobile,standard,male,organic,0,87.59356213371424,44.18804429085805,13.320839030692973,3.4376680760532983,77.57983433759921,,72.5539190458547,1,0.0,1
469,NA,tablet,standard,female,ads,0,73.38973579161527,76.16219998331178,,21.62888061245522,71.21470979653364,65.00786186078362,57.580577525958084,0,0.0,0
470,NA,mobile,premium,male,ads,1,112.05844927784965,125.64269214561762,6.353327072010529,12.916721374241195,78.99393537928712,94.90450710879517,68.64261650525697,0,0.0,1
471,NA,desktop,standard,female,email,0,75.10678239121074,76.14429957855751,11.32341844587163,11.244603770712544,88.34343614992258,80.56350860830666,62.83886785697472,0,0.0,0
472,NA,tablet,,male,email,1,110.66915246921022,103.41045975099676,9.604322301409285,3.8353631767070473,80.41268812269311,84.38521908821238,70.59527054311192,0,0.0,1
473,APAC,desktop,,female,organic,0,34.972049773677064,45.680414020805195,11.923426914785118,15.38367570227178,66.474413841961,61.906084701679916,36.341028279615244,0,,0
474,NA,mobile,free,female,organic,0,48.62439790723281,56.667548033042294,13.483712875510967,7.75083924468642,76.76375535865662,67.93617931648357,,0,0.0,0
475,EU,desktop,free,female,organic,0,29.767610593779494,49.02105464865676,,11.168125405179342,56.5260446421787,66.7094688965796,33.392329646645734,0,0.0,0
476,APAC,tablet,free,male,organic,0,36.671843750618805,50.31377901087118,12.932594377315056,20.420068634273854,65.68820476601621,,49.067378689668,0,0.0,0
477,EU,desktop,,female,ads,1,97.346613653631,98.8942628713006,13.128401786380408,15.942585144885145,92.48639247577903,87.34001245027362,73.27214629764043,1,0.0,1
478,APAC,desktop,standard,female,email,0,49.36000052487786,78.26644071131763,9.552756626105937,13.433205814473459,72.7157685311535,,54.0707740307263,0,0.0,0
479,APAC,desktop,free,female,ads,0,47.40690731342845,,12.013734757341643,11.934124016730737,66.34110579616924,87.43798670340949,,0,0.0,0
480,NA,tablet,free,female,organic,0,38.59259720915929,34.15870560308217,13.98855522845319,6.504413967340648,62.69353065749538,60.597718463302925,44.78310832099329,0,0.0,0
481,,desktop,premium,male,organic,1,107.57248878555403,108.92383329265441,13.649871295107923,10.826342478264852,89.87539040876635,87.52238121752873,77.03587915432952,0,,1
482,EU,mobile,premium,male,organic,1,116.27930217508862,128.44343421891404,8.333856307067736,7.940008828619916,101.11780536284974,88.65270128619987,89.84298551874284,0,0.0,1
483,EU,desktop,,female,ads,1,104.73520924161025,69.22768236071451,8.946530526300164,13.058825446111259,76.30847632226248,91.17143124614952,63.680114767786804,0,0.0,0
484,NA,tablet,,male,ads,0,31.68143270786737,40.82093872023765,8.225090074189527,15.608872629645614,63.140956529504614,50.10237441027825,44.091712936573,0,0.0,0
485,NA,mobile,premium,male,email,1,112.9418761784429,160.17614518617606,9.606999747204462,5.55508872106195,86.68493386219875,93.24227211461567,,0,1.0,1
486,NA,mobile,standard,female,organic,0,69.87975896556514,48.85460459899619,11.208022983611652,3.158105315248144,74.35087078793586,,58.442442968792776,0,0.0,0
487,EU,desktop,premium,male,organic,1,88.32320389565822,96.71712002855998,12.710374102605536,13.231804929354398,87.50116050678493,88.1477059122912,70.65362239204785,0,0.0,1
488,EU,desktop,premium,male,organic,1,125.5714357645734,159.2420279300063,,7.740004389436038,99.05752226958836,106.30717127716062,,0,,1
489,APAC,mobile,premium,female,organic,1,134.4043573373802,118.33066803157162,7.515156936918217,5.816553193263202,80.07348663679542,90.06748158722566,82.42644759633224,0,0.0,1
490,APAC,mobile,premium,female,organic,1,108.87243238175489,109.33205939288071,9.640619176889624,17.297891923827503,90.63327947295019,80.40189410840998,81.44099961305885,0,0.0,1
491,APAC,mobile,standard,male,organic,0,64.26673097957482,71.65104163256747,9.030247576445843,-0.12158104943604187,82.70926561287938,,,0,0.0,0
492,NA,mobile,free,male,email,0,34.08041256834516,35.03678672506788,7.573091254235564,5.7949446014486155,70.29993769551919,,44.99655096842123,0,0.0,0
493,EU,desktop,,female,organic,0,38.538901913955996,48.73071612309778,11.157434623952936,15.293512087012378,55.2279707443286,63.728782002857976,,0,0.0,0
494,EU,desktop,standard,female,organic,0,77.12929807255308,62.56762147395622,13.836109207463462,11.060797105103244,77.56483340841275,76.05999634008472,,0,0.0,1
495,NA,desktop,premium,female,organic,1,115.25641762519561,,9.215329199386218,14.46644952305903,72.79590095350694,85.99986600425748,,0,1.0,1
496,EU,mobile,,female,organic,0,29.067554662647375,34.73321861547868,12.669145725647756,17.867904859584876,64.18143904104869,63.43357766940586,44.4539641145254,1,0.0,0
497,APAC,desktop,standard,male,ads,0,58.632623869836735,79.7267232532509,8.47935109221503,11.930742344325989,74.25657520075251,,52.99885888543765,0,0.0,0
498,NA,mobile,standard,female,organic,0,98.73323960457468,,14.402717324729203,6.837860601963019,69.72116341194625,77.6449945630883,70.40373096066692,0,,1
499,NA,mobile,free,female,organic,0,30.173317986224383,35.91917701194399,5.160584560084182,9.161090520476154,58.16306154036062,,32.245897272666966,0,0.0,0
500,APAC,desktop,,male,organic,0,81.91818169861614,,12.655701237986415,11.184074109857095,90.1261366616821,,,0,0.0,1
