student_id,program,device,exam_score_equal_var,exam_score_unequal_var,satisfaction_equal_var,satisfaction_unequal_var,hours_studied_norm,final_score_linear,time_on_platform_skew,engagement_monotonic,passed_exam,rare_complaint
1,video,desktop,73.32021011292645,68.68632611153437,3.614590286918755,3.5687080564965483,14.298512700017923,70.92116866938501,0.9188054082534195,0.5618346993641661,1,0
2,control,mobile,74.4063635149364,78.17751404734562,2.957624039042342,2.5270816595848578,7.972563112278182,39.80940489129034,0.5026401963898663,0.14756234986709033,1,0
3,control,desktop,68.4369958389221,85.82151548767854,2.8978492589302967,2.8350021139128176,11.593446740078367,57.64126571250586,1.7283061629474497,0.9855500625274237,0,0
4,video,mobile,67.01869208895286,100.71139408297907,4.219248106651476,2.6470570482509785,9.030690131722597,40.926039866483954,0.961294637743545,0.606416208177013,1,0
5,video_quiz,mobile,74.41032387186061,49.37761126637186,4.644489767054449,8.076113216982144,9.794511170650384,49.81470275869749,1.9276122720302156,0.6027996507776956,1,0
6,video,desktop,76.23929487786968,78.42378731926043,3.8394732287112268,3.78296829050239,8.070282292724162,37.13411796919762,0.7306094720999332,0.7332061933860667,0,0
7,video_quiz,desktop,81.9926384732816,79.05302268543464,3.333493637862228,5.7149018945790795,9.113839866120214,47.22935192840874,1.9417859190424267,1.0223458349597114,1,0
8,video,desktop,78.27484019940512,72.53693722305815,3.72055853970014,4.761968655817199,7.89822737198857,36.886941139297484,1.2633293299619786,0.5283096495149788,1,0
9,video,mobile,78.1747730844861,57.572799444601685,3.369461057435998,4.880915132464284,11.208555398698278,58.16312436011287,0.4262596648348859,-0.024843408538705924,1,0
10,video,mobile,62.856383683668,51.86697097325363,4.389436476478255,6.347869783635755,7.525695555364509,38.090633981390894,1.177775584026433,1.3480908617946261,1,0
11,video,desktop,71.93266951107374,72.33177732689981,2.518625551995984,3.7045881034636787,11.609673145469955,59.265144393880476,0.21792496640822318,0.07423078253569888,1,0
12,video_quiz,desktop,89.78703960706756,77.10005481964328,3.7647057852202117,3.9726482844457705,17.04119759652865,83.77197569604643,0.013832685417966943,-0.5190470422350834,0,0
13,video,desktop,78.13662437241335,74.05165094539646,3.24800981504786,3.964480291976804,5.334876120351581,23.05642147146192,1.7623070570965509,0.6517285854727127,1,0
14,control,mobile,77.97914369237053,63.225070587789475,2.9200555808240587,3.374270764380058,2.883635867084058,12.45619591187462,0.293732651777149,0.27749719328252637,0,0
15,video,mobile,74.18187789730236,53.013493898385605,4.174547249098283,3.978877109316738,7.035413411104015,35.818734216517285,1.3453539840248692,0.6674915171314837,1,0
16,video_quiz,desktop,78.40268685543029,77.10429755032978,2.688584953293889,3.8160677187734615,12.22989039754826,62.063002778934795,0.9410402276804455,0.6014941469109366,1,0
17,control,mobile,70.1527675877746,90.06467915151129,3.075168694262072,2.6420313022825184,7.866519994874887,37.61141487129558,0.8593395967433105,0.6091022478771726,1,0
18,control,desktop,103.57263374421049,69.43846816779305,3.710432404470479,2.612825258038114,11.732443263051602,61.31299219529892,0.5649432363477765,0.4393773584619139,1,0
19,video,desktop,71.83075262072241,77.69057378489235,4.188070503605016,4.069472683360396,12.847663749451197,64.20024275406378,1.107562383209198,0.7357261090478769,1,0
20,video,mobile,71.69343025805479,42.92839609743359,3.2705532836759605,2.8011217500649077,9.246765647810808,42.95308199891186,5.377248370887273,1.8082155255299353,0,0
21,video,desktop,55.601309396358005,71.05520334635256,3.1921331103947477,1.9859674014351312,12.654304752994925,63.81005945715935,2.1792729764262386,1.5602002039229819,1,0
22,video_quiz,mobile,80.85013326075777,84.67366591225218,4.307728144083624,4.507431153555875,3.19149467999158,14.411964890455083,0.8010725382790951,0.4987912109471925,0,0
23,video_quiz,desktop,70.58197640252058,68.29339674366227,4.190622014150431,6.392733851746147,12.503598192925622,64.1623008163228,3.0872506355761185,1.6844936488814246,1,0
24,video,desktop,74.51364715190687,71.37337965112542,3.6416418690163543,4.4618109506348045,12.397910119777318,62.43945759342413,1.1221762292776722,0.8042344311658371,1,0
25,video_quiz,mobile,67.77567559294535,95.68746925498718,1.819173081883405,4.26780188695241,9.701701414629571,48.80948683952125,6.386742930843331,2.2382717054245664,1,0
26,video,desktop,73.89053643780123,70.60293611848475,2.92369667705812,4.203001832386183,13.010609687940848,64.4753406190341,5.296345803281128,1.9796925526822517,1,0
27,video,mobile,69.72602321263496,59.33688289233177,3.082066162290896,2.152884297038855,14.322888653739025,73.86090903745206,0.042968911280556764,0.3265738159391255,0,0
28,control,desktop,74.6556657937548,78.45509017158403,3.5858059171754215,2.655179917771281,15.798461745614487,77.1744894434276,0.28760066674245544,0.8879091037835507,1,0
29,control,mobile,71.57758813876923,104.2757370104847,2.3355441771985572,3.83903435464591,15.823747886692255,79.79131104757064,2.734496636031339,1.2969364355512987,0,0
30,video,desktop,73.76635750811293,73.56198031623529,2.97202346348373,4.984118747595955,10.166576587946865,50.91677922914383,0.6796791627309624,0.6297581351060311,0,0
31,control,desktop,73.65698218762977,79.6124151619116,3.107369596440559,2.644213664481795,9.57634840097769,45.81486660615444,0.42472478428066607,0.8280796379398303,1,0
32,video,mobile,82.46814761860813,94.5323068818401,2.827442893932089,5.554312258414242,9.765696141989308,48.677810984969476,1.1539814984784162,0.8267131295458471,1,0
33,video,mobile,79.05133535807407,78.20883460608916,3.9857123431085797,3.0821091081864367,1.9765291290906593,7.990247499758919,1.6712135105277768,0.32167662657173535,1,0
34,video,mobile,79.09953854757272,68.68131358103903,3.365157792114836,2.9768079615284226,12.094470342911896,64.553215703641,0.5693697810876309,0.338426391783259,1,0
35,video,desktop,69.1404089511058,69.74203956824708,4.69974355937659,5.3359175681673765,17.048067083703636,87.27216936495836,2.9504180688064303,1.2840946216784694,0,0
36,video,desktop,85.05456665478691,66.44873423447362,3.222168769764667,5.107740053379758,11.697500646584205,55.21992689588588,1.0424312470116717,0.7474393886637256,0,0
37,video,desktop,84.0531560735671,81.67021047062283,3.2542300781000617,3.211440497396841,5.735563465123517,27.77661995049975,0.3951648568860357,0.17195212371489205,1,0
38,video_quiz,desktop,70.57276536958749,76.08574287445133,4.582662973561585,4.211640115748837,7.015924907672689,36.2988051865231,1.6853370641246648,1.5671486975306044,1,0
39,video_quiz,mobile,84.19081613759843,94.32481507876693,3.7067978440001115,3.684940033314897,7.184722793750357,38.271102730140974,0.952720933830433,1.2151538611428916,0,0
40,video,desktop,69.53419245600169,80.93355189809823,4.506940992265304,4.3041385551044655,14.971155944035178,76.599408898723,0.24588311203910207,-0.1873982499980661,1,0
41,video,mobile,57.26374529275938,63.12847167955816,3.8897489653633546,5.367391918467225,11.507181457750113,61.34535413342413,0.11318633638291123,-0.12398127445695882,1,0
42,control,mobile,80.81220788922538,54.00981280159432,3.0176720363337126,3.266077271181476,11.914385901775464,59.83891200741173,1.3904174168468733,1.1359900370564822,0,0
43,video,mobile,71.0438497565594,79.60271332699067,3.5035212017537534,3.6860955884110287,11.060589141745538,57.86663338682036,0.09991608265955573,-0.10834992025788179,0,0
44,video,desktop,82.81537251659987,71.2049586939527,5.310424642270553,2.4536999907562578,6.665563810993924,31.009445507454455,5.437150610597182,1.759196349941904,1,0
45,video_quiz,desktop,68.96638269820647,77.26013484600433,4.39319261539877,5.700333637453046,7.168267874395639,37.58234315397845,0.3420943869304307,0.09717814671956498,1,0
46,control,mobile,61.90583990602366,61.30156899741747,3.290286209564858,2.3885264255254457,12.042215454389776,59.79180658547548,6.462978197436842,2.362091446645238,1,0
47,video,mobile,81.85497430899176,59.22039594884361,3.5204539468899676,3.612866931504371,10.258634641644782,50.99983058538081,0.5806176664261279,0.4398049717231865,1,0
48,video_quiz,mobile,60.74185149283386,70.74414704734858,4.7222972196081585,6.024824158898072,4.4257047419246405,24.889706174264717,3.9267637846369112,1.9084952076025519,1,0
49,video,desktop,62.51175590850109,80.6046037224479,2.689004211720439,4.611225460148322,12.3580809911479,63.727682709126725,1.5165061006840448,0.7782473907933471,1,0
50,video,mobile,56.59530487388518,77.90463832501723,3.4912871862199064,4.638713275324771,14.2501890769832,70.91468696026054,0.15140871216642604,0.34035872212416923,1,0
51,control,desktop,52.64422161353937,82.07025089203069,1.4998055263918986,3.349460617591196,10.01917564360787,55.2003385448451,0.44444979438164484,0.3018067147708333,1,0
52,video_quiz,desktop,66.68716493388487,67.59862978166863,3.7799554244529996,4.5625470304907365,9.052106462112146,47.77819170812197,0.7464679030662381,0.6057188286089932,1,0
53,video,mobile,54.64473633270371,56.086765735483226,4.108756087746417,4.102154624421771,14.097377076157318,69.60334679329206,0.8171327164265985,0.4900455680021234,1,0
54,video,desktop,74.71515612312136,74.4650178050381,4.42933850331313,3.8920702647204344,9.412804713125276,42.2183351083572,1.2448501265351508,0.7437239946423541,0,0
55,video,mobile,54.108661197402824,107.6512221326891,3.9635821429080234,4.282577432222488,8.158534202994947,41.34829489492103,1.3550027944647696,0.833721151443004,1,0
56,video,desktop,66.24581264659209,79.04571668137424,3.983981154898645,4.335236441004911,5.384489290301775,26.14033612101675,0.5578182957211527,0.5058358036340956,0,0
57,video,desktop,93.65649596967725,68.60032354773162,2.5704591060272213,3.933328492195301,8.526403592999335,41.378940655709684,0.13943383742956783,0.32641936186662485,1,0
58,video,desktop,77.76099392489657,74.54315728225376,3.1929757131630403,4.313814122464058,15.601001894541024,77.01378515486014,1.7612659576021237,0.7776007865628933,1,0
59,video_quiz,mobile,72.42244540326182,76.53143665282013,4.984643009547273,3.067322148952875,13.49141413976094,67.76333349959314,0.9316646749348373,0.3279683856253912,1,0
60,video,desktop,62.03398415744114,71.58788552663395,3.285683993709522,3.4930433222511144,10.35809445726102,54.420297312530096,1.7270604483384768,1.318507000766325,1,0
61,video,mobile,70.03521867240983,82.81239985690408,3.518410558744131,4.0304985610236725,9.982378127418166,47.95125418535476,1.26005505171151,1.325468345182446,1,0
62,video,mobile,72.38486850509294,70.4968617893631,3.116662808185391,5.72351298256754,12.968917960654153,64.70382910906034,0.009496393090258865,0.24991168717101583,1,0
63,video,mobile,59.15855363370353,68.21070850864527,3.0397491087058537,4.3289908441296285,10.306904206885378,51.13101879722926,2.4316633132098193,1.560217139788171,1,0
64,video,desktop,76.00944544704495,82.56154072315488,3.3178384641121776,3.6652640532698366,6.2082857829849925,29.393881811680416,2.1923413251941115,1.0678197809342316,1,1
65,video_quiz,desktop,84.5298596565208,64.74203458703829,3.7033664204437104,3.9035970487577263,10.43287607731775,52.72697195667811,0.7747039504562404,0.7276274739280195,1,0
66,control,mobile,69.21393504928496,57.611114531444905,3.7745010774901053,3.3720827543734693,10.526530764716071,56.17687650227207,2.2817357950096624,1.2968391411088596,1,0
67,video_quiz,desktop,73.42210905276572,70.09614611135532,4.229221758733576,4.124929625183423,10.03871336772041,51.42592406244578,0.02568872816757599,0.0690765256090672,1,0
68,control,mobile,55.66322867603661,59.43710288002083,3.8113302958661106,3.3186904927727996,10.772349812818538,54.003977008765474,0.8328213456991521,0.3934800975956334,0,0
69,control,desktop,63.80612905112331,70.62748172825175,2.367657498003744,3.2558020280466042,7.921297640848708,38.72892384165846,0.8294071192616197,0.19911795172670788,1,0
70,video,desktop,83.46156081142573,77.93085574734492,4.335271888922434,2.5539220327999557,10.465216247066987,52.41965593436352,0.327682007426112,0.5942928436311714,1,0
71,control,mobile,66.70759482735595,90.54452525456554,3.2128737344269434,3.2363925113608376,5.190164082213642,22.515734516156446,0.37128407329921936,0.5110772877085096,1,0
72,video_quiz,desktop,67.56230692446067,80.49624756393533,5.203609030475566,5.13812286521938,7.238105727364431,36.070172651048765,0.07378621791248001,-0.09349879132209447,1,0
73,video,mobile,66.45933507222915,56.687005975535854,3.5683343169836106,4.59666786810547,9.268434689548629,45.955573921949785,1.6087554734617269,1.0471698513243206,1,0
74,video_quiz,desktop,74.54027098399335,74.35549260858076,3.2039589112022475,2.7932499019024726,11.807612693275384,59.99276908571539,4.767194028421146,1.638109643391829,1,0
75,control,desktop,65.73267271307367,77.71359128084895,3.970532376724303,3.5470550500660085,9.108005837035272,47.43703858573367,3.9102780925983502,1.8239335395965803,0,0
76,video,desktop,76.01213204776188,76.44001771371266,3.5181070571258806,3.633202508709757,11.320595177218896,58.09363473089588,0.33557358830365647,0.4219259600804063,1,0
77,video,desktop,64.11993858301553,82.8344843970554,2.3087309521998662,5.788274333368089,13.068032373844103,65.07628740843086,1.1679741200247573,1.1613453155303688,1,0
78,control,desktop,81.19200001660629,70.94799458673594,3.2871168088218226,3.876216477279037,17.260699811661233,85.26868052024713,2.3735114483251767,1.2485183518597194,0,0
79,control,mobile,63.54355378128318,75.50111073761317,3.338736875514872,2.6959699041440746,9.12056867236696,44.3480572158267,0.6029502480693687,0.4514874045104318,1,0
80,video,desktop,85.5621465514568,72.64061571056347,4.245667645997171,2.43078140510299,8.068805857874892,38.78061748668607,0.2890527017198656,0.2645408265749458,1,0
81,video,desktop,74.91973877794094,76.50645011453715,1.4475037012713257,4.497242444575834,10.115767406620938,49.3487073571859,0.03170279148378651,0.7310916195206463,1,0
82,video,mobile,65.23484457283816,55.737649396964855,4.289321685066778,2.9800309663920572,10.59527801609172,52.73013521887916,2.0118479290117905,1.2749300687902356,1,0
83,video,mobile,79.29168487665852,58.1369964646788,3.31524194715482,4.947507523077867,11.63837014772037,55.75134664063108,0.4736694391806393,0.41587046809752426,1,0
84,video,desktop,64.0040249671751,70.61933484126908,4.755748744752515,4.329861877607097,12.437660523106592,63.07475979825866,0.3133376319218194,0.4989073369004474,0,0
85,video_quiz,mobile,67.62347483986072,63.981291021519255,3.0690313994956044,1.6835038159343703,9.152821693312921,45.547094056570806,3.4360695484342916,1.4314298292204315,1,0
86,video_quiz,desktop,74.99939578711508,84.28753959379658,4.427203341152431,5.7077156395482955,12.180803725109119,59.23424715135071,2.6321530054681195,1.379389349826533,1,0
87,video,desktop,74.03066557369434,82.0524114857726,3.8470312984531603,3.93725091856077,10.245898539086529,49.949233347614935,2.3756191936908353,1.4709690168863985,1,0
88,control,mobile,55.93131625303499,69.59760526857691,2.9467311618436485,3.206055811963732,13.682114924134106,70.08839484543282,0.08656134834231885,-0.5631681308155818,1,0
89,video,mobile,64.63482765909308,75.76693270735207,3.1357164569347935,5.324046599798811,9.163562098838334,47.626117064534824,3.9606203688729744,1.271311256624486,1,0
90,video,mobile,73.34587473938745,47.48902371023363,3.375752983373338,3.6700778379378773,10.42076680704041,56.88127659441422,0.8975854036317387,0.32984350695527587,0,0
91,video_quiz,desktop,64.44086752512072,73.92424592069122,3.891967825662534,5.66443911648963,10.8107685110821,55.18808823941426,0.4422278164159368,0.28186666242250985,1,0
92,video_quiz,desktop,85.13143438932677,75.95768827987037,3.3479371961373863,3.2229003933841325,13.397575787665328,65.63666868304075,1.9724567164108793,1.0021334384457667,1,0
93,video,desktop,78.96144711028789,81.87410528040735,4.1957953020307475,3.2261950717198893,9.987689479093822,48.49615583262553,0.0568361448745618,0.16940843409606635,1,0
94,video_quiz,mobile,67.88607687431143,78.22887551479944,3.4446797921407413,3.9073344753883266,6.890188352059138,35.22924617338878,0.24002100087034245,0.3831532582367115,1,0
95,video,desktop,73.23766027759949,77.59734035265332,4.213914586668005,3.1796185975849225,4.91313460363946,26.17694632444137,0.8259083656152024,0.9706818705667251,0,0
96,video,mobile,86.89251299065455,77.7642062360074,2.5266392608494463,4.367861498338514,13.10202956794016,68.32564091218157,5.344591732451671,1.7682798247710594,1,0
97,control,mobile,79.48790760701054,77.30401903475405,3.0936861318848754,2.3382818670993677,11.920823529540684,57.85566578590643,0.05160664919090126,-0.04769729370252825,1,0
98,video,desktop,78.04175315892938,66.61944494439015,3.5026160801785218,4.629547144318906,14.985842581039899,75.13117210847679,0.09576506257271641,-0.026714700789405216,1,0
99,control,desktop,63.67584983652579,72.4994539899582,3.190523376833865,2.6192357063541665,10.277399387983722,49.06381190865985,0.1852538162317221,-0.05337352225615191,1,0
100,video,mobile,85.03689054916767,95.95818877666468,4.173777527807585,4.177704563816253,10.25979326853993,52.05871573504198,0.5310969153671352,0.4761604065596823,1,0
101,video,mobile,80.41920855099183,86.18234308174792,3.4785916680253437,2.6125667385278564,10.538099472790439,50.6637015784536,0.4549232182704956,0.07023982111548349,0,0
102,video,desktop,73.81275689952103,77.96540699439085,3.3252423538297804,4.2777323737584165,8.391885470353184,44.869976067798596,0.27991788079705276,0.5355180486648189,1,0
103,control,desktop,70.60241544632973,75.40029185534436,3.0804034490835663,3.5420037479718074,7.888607441621836,37.88700586987737,1.8280436124779909,1.1063498249667165,1,0
104,control,mobile,70.49676848978582,83.5510623319306,3.788604113341849,3.0048855864709734,11.315189214391859,57.79421339524413,1.9462187760307432,1.285393270152418,1,0
105,video,desktop,65.38450655306421,69.33066354628312,2.876635831119184,5.3486822387779736,13.542532520715538,68.01492081547453,0.7452259813158854,0.962142970933322,1,0
106,video,mobile,68.23371553834127,47.71904700777988,2.9875989001161227,3.660092648058292,11.81142507423691,59.15529458780458,1.1633820491196978,0.20493797463722008,1,0
107,video_quiz,desktop,81.10528411323612,72.70748068659019,2.9259810485460314,5.040461953383791,8.55700442572449,39.17647551844913,1.2967925644576719,0.7982216394170152,1,0
108,video,desktop,60.53902978205942,78.22753834634267,4.816349217531842,2.874533026902393,11.273945725203303,56.187522800630695,2.5927334113934695,1.1294924083027142,1,0
109,video_quiz,desktop,72.4874050060618,75.64697929361166,3.404153163030527,5.089175625084018,10.529391491256137,50.68785569941542,0.8174975993504237,0.7132799001704987,1,0
110,video,desktop,75.91004778303869,81.0837520730697,2.4687410064769604,3.2318607072882553,8.309943148813808,40.37971558946661,3.510215816695583,1.7169798621685617,1,0
111,video,mobile,72.82854429858664,78.6232082649675,3.1146605168127506,3.079608686410329,6.332473213797988,32.639808026877844,2.5279540735531327,1.3686125982296256,1,0
112,video,desktop,65.5685043677326,75.26905317728605,3.2325268511688874,5.380103607920915,7.508173637241552,42.97572565194436,1.1764298401857596,0.8118625571011122,1,0
113,control,mobile,62.542776869383516,94.2397592642502,4.079273600744242,2.364889572413081,13.586445417917716,71.72863901794912,0.5125138047682116,0.3718191355789184,1,0
114,video_quiz,desktop,83.71332305966708,81.7942546707448,3.8210604646548183,4.093416777078665,10.760855313110355,54.8375489637005,1.9650712913869834,1.3189512496567242,1,0
115,video,mobile,62.20376725746967,71.43053918048892,3.7750615684256257,4.512790264078693,8.172630161772545,41.63393633836774,1.804139521322567,1.0384077803090548,1,0
116,video,desktop,83.06920765046749,68.38170083390354,2.525532117164862,4.034070906216228,10.229696571919826,50.4468150378058,0.23761630522690305,0.6376534522372155,1,0
117,video,desktop,71.14107747913206,69.55583104646692,3.724790095069004,1.9526730070928948,11.832545354645958,57.16065654182322,3.529185183327667,1.383557720683941,1,0
118,video,desktop,83.63837080240748,74.03129317029509,2.6107222531684533,4.403909269672782,8.379559654598962,42.78374776052987,0.3168665928909203,0.7323341629051252,1,0
119,control,mobile,68.63137195675989,67.13101786156078,3.011842970700284,2.3105005207963547,7.704954978757694,37.635878460010815,0.1000204436054079,-0.2000084857910587,0,0
120,video_quiz,desktop,65.66822943506956,84.9465739792839,3.64407741141024,3.5021464924378947,4.670795430016627,26.866388747643818,0.0050955171408124805,0.07358461061257379,1,0
121,video_quiz,desktop,81.8524388511477,64.91919510633221,4.134962898299857,3.8603632254382187,13.265647124676125,70.6210047272028,2.187642910692989,1.179390040419835,1,0
122,control,desktop,74.86087022215843,74.61445327866473,3.5806452236831783,1.5399853398427208,11.763767382720594,63.099678467935384,0.0048580731907597735,-0.1706918075214486,1,0
123,control,desktop,86.58861268259561,68.60264107561059,2.398462429521125,2.947049717581868,12.008167208151477,58.76984291172129,0.4280577446397087,0.01786039521960958,0,0
124,video,mobile,79.1376006811027,74.86882990260882,2.9181489430665457,4.46587739716125,11.685761869432467,57.41427458446497,5.360134935750181,2.082882485779796,1,0
125,video_quiz,desktop,73.16458696844963,77.29358899735206,4.216153403566749,3.99384803313921,3.9172252995972965,17.164288724459553,0.16367710054460058,0.1518292531049085,1,0
126,video_quiz,mobile,68.40265918669621,66.52164840937752,4.512371426481496,4.632873664121119,10.328824380401329,52.940918052382855,1.331102900917916,1.0853536452379762,1,0
127,control,mobile,72.18697874629798,81.48770261890427,4.050425117056878,4.130893426892914,11.34990423283142,55.03984983252439,0.08769924542972145,0.5303192439801986,0,0
128,video,mobile,73.52168014287352,69.8219689518993,3.316864961788391,4.925440233018364,10.21219802606979,49.853443395942534,0.9304648030449998,0.8270498484220385,1,0
129,video_quiz,mobile,64.94601178614553,70.12967019590128,3.2051127950534624,4.406894471881346,2.9460141786669114,12.954931659219962,1.4592373202750566,1.1407023107316971,1,0
130,video,mobile,78.73551658419662,66.31378039329744,3.711975431736352,6.387008828563009,9.625580752851905,47.01423688511462,1.1367258561723905,0.6646437793822708,1,0
131,video_quiz,mobile,68.82109206551682,83.41318861970532,3.6232137692672257,3.1545321560815625,9.22814062337536,49.44815490088786,1.662783128547348,1.336761552721768,1,0
132,control,mobile,68.6157780387735,75.21602341929996,2.6453478814601117,3.259838554030387,13.112525906051816,60.62929539404912,0.24699682974966952,0.6038063933730091,0,0
133,video,mobile,67.67449330101998,98.17183407652468,4.444906244619172,2.223376097093096,9.688207720263515,49.492824243630444,1.8240569237938367,1.181155184618565,1,0
134,video_quiz,mobile,73.84813813874698,93.32039802919016,4.471230086052274,5.016990409043576,8.439453832770601,40.584471871726144,0.04741022068234588,-0.007987493575539621,1,0
135,video_quiz,mobile,66.46357918623316,81.86039372112924,3.6631532814342,4.09946144305783,8.437695892618667,46.87690490859488,0.5269092710562893,0.43682510406141273,0,0
136,control,mobile,73.07976087992235,38.44893366239924,3.188773078795006,3.03039663340937,12.168540434157878,62.49867322453575,3.935334790227856,1.6354199070727593,0,0
137,video,desktop,97.13282456881497,66.09403012775617,3.548593807127455,4.170481394978644,12.017517148599497,58.05008374885172,0.3042629290988499,0.38259046201418295,1,0
138,control,desktop,74.57112431942926,80.91750343673895,3.299057370700275,3.140001957496151,9.358081619781414,45.56890945043404,0.25193197810606305,0.22328790577419502,1,0
139,video,mobile,68.52796209361081,65.38978304759908,3.3564362319852563,2.72737275785033,8.803350042113781,42.876888467777334,0.7949111962279447,0.5133592027211044,1,0
140,video,desktop,61.658486174816794,76.40906254606975,2.4599624834177725,3.4166548634060026,3.0941043999784412,17.77183799076452,0.8545670818395688,0.5760109035429135,1,0
141,control,desktop,75.40177539811255,71.21714760000165,2.614189894996644,3.003030356990831,3.875053272625978,22.764201168022964,0.4981552983255704,0.4057110451476535,1,0
142,control,desktop,66.12615245400315,78.10731978309747,2.8808020488471247,2.28541219448246,7.493649889690795,37.7754844681952,0.31512920261709604,0.581039362487279,1,0
143,video_quiz,desktop,71.99553504822742,80.74793966456703,4.116867059759734,5.74462501090593,9.56836436101034,47.555379653869025,0.4000761139102501,0.10457817437623074,1,0
144,video,desktop,76.21286074917714,67.74223356248629,2.9506233826919104,5.682882309750085,7.627113291382669,40.223056478072024,1.7102929255814419,0.5133403174363951,0,0
145,video,desktop,61.15208440142278,70.11857144707477,3.711770962736449,4.103543534577448,5.457592456347218,27.342684800252908,0.18219839484233802,-0.21155071340592765,0,0
146,video_quiz,desktop,76.25970201918767,65.01762952000973,3.8712371232895526,3.350116302783788,9.889507992823951,50.38345179704092,0.186478079043733,0.2279414604772345,1,0
147,video_quiz,mobile,74.43612140340835,76.73451698926031,3.6443149388661036,0.1565359699869715,9.93458743044103,50.115545245699764,0.25876934800451357,0.30036216086615636,1,0
148,control,desktop,64.62319984266679,65.00831747502106,2.4378343256213446,2.2395458718440415,13.927700469235877,68.0619847125572,3.533170048695017,1.8051161206516513,1,0
149,video_quiz,desktop,71.8615264629673,72.80350983060815,4.367894849834868,4.910611955227742,8.9238480681922,47.34576644769146,2.861778262365652,1.9726490223115203,1,0
150,video_quiz,desktop,60.35466910257756,78.11766687919682,4.354546031493787,6.572385766235509,9.2960095245256,45.29632867281285,4.47083555715264,1.6593466539657604,1,0
151,control,mobile,84.60400748673925,105.92948695479939,3.6801325290733886,2.889957815486384,7.848747221620083,43.1193346054713,4.170208650075022,1.9085872887824742,0,0
152,video_quiz,mobile,74.64450621239075,78.89469347659923,4.42957293537816,1.622965718068809,17.811567035317932,91.41820284770489,0.0964560978351588,-0.052245951277778924,1,1
153,control,mobile,70.56329199216718,93.04615587159876,3.5744806728767053,2.5644873779384394,11.934187964466643,60.05834152398632,2.5286463206975833,1.5373944479687052,1,0
154,video,mobile,70.6925133547507,77.14654148095624,3.829247171796079,3.227771252422987,7.514941108962754,35.08713418586321,0.6378062405412774,0.5652932869701226,0,0
155,video,desktop,84.05154886452614,76.85546045631008,2.544954192839725,1.8674526363507344,4.090030401578893,23.80180620185309,2.508771858237593,0.9573220453128082,1,0
156,control,mobile,71.24667558463511,69.6252336356289,3.0325286723321887,2.844716882259989,6.133522443235838,31.298368500422995,4.395230737281147,1.7679760232502246,1,0
157,video,desktop,77.64653417020602,72.70037920257819,2.7405705229458612,4.692386758354132,7.242306127633494,37.9986685288212,1.8445421327505138,1.1769195439431028,1,0
158,video_quiz,desktop,87.14903648292396,82.04626890925617,4.921527245295819,1.2727925517094745,5.9145665141092145,32.526703340068735,2.8012761361138643,1.4329551878274769,1,0
159,video,desktop,72.23066281598241,77.2480461169498,3.5915917651761498,3.240359947199332,9.643905429529429,45.9795217170975,1.2261050719044122,0.7323441436083907,1,0
160,video,desktop,66.25891740394614,77.01777806930734,4.361853507291115,1.775695724535714,6.9493365495551345,35.4739436357685,1.1144590802850942,1.1184889004866196,1,0
161,video,mobile,65.40399540197103,63.269195833102934,2.9818066249296087,2.980850656713673,5.184979056683714,25.171042971137663,4.4462596768184275,1.9812684020302869,1,0
162,video_quiz,desktop,86.42931067551439,72.92974961142937,4.044878470464389,4.033520747743745,11.91275114728496,60.202733242432814,0.833629271206759,0.7798002018640597,1,0
163,video,desktop,75.73142646811246,87.40494289787435,3.7580245498253357,4.821206212509489,5.3768340243437684,27.79842367111657,0.15201646487895074,-0.03118200763249762,1,0
164,control,mobile,67.9813496938426,71.91997071314759,3.0014587126378918,3.2278543167909683,2.3400900621365848,8.373302527979392,0.3642096652250283,0.2137733269476847,1,0
165,video,desktop,82.78915503839328,82.95700835755198,3.7126736398499527,2.6165522985879477,12.811088058445264,63.59928133955127,1.6927304851396796,1.197440796700421,1,0
166,video_quiz,desktop,82.98365908541729,71.87848973199553,4.989298074025029,4.46916635713628,15.371224553841774,77.03542097543728,0.7820418279316338,1.0056750270412498,1,0
167,video,desktop,71.19481785674849,79.80926502928969,2.980851946200419,3.466066588663801,10.121021117749992,48.100455450086464,2.2236605287948823,1.4300269031044257,1,0
168,video_quiz,mobile,64.22450530331639,77.63672958152979,2.5172465076269726,4.276833769513816,12.059427760098057,58.826443714712354,1.1464718800288383,0.7199944618177048,0,0
169,video_quiz,mobile,59.43577119151032,66.54059031450983,5.060374483599993,3.9409093102306194,12.01415245511281,60.32003200678388,0.21695593057280754,0.23774320254042788,0,0
170,video,desktop,60.6488886325901,78.8913773912669,3.1250026580168635,4.113372067749104,17.06570662421029,86.70101836982909,1.6266941491540305,1.276489323503285,1,0
171,video_quiz,mobile,69.88010838523202,48.3048974577204,4.773499817733551,4.626002745917389,7.029085159730561,34.85201791114468,4.492584421599706,1.3807352467780332,1,0
172,control,mobile,64.85443242370566,82.1939428627387,3.5911479801624946,3.4332167408952943,8.637682703038521,41.790842406202486,1.077411755231676,0.3820211065365537,1,0
173,video_quiz,desktop,89.86779527844948,79.72141933146987,3.969987921180367,4.509865396005686,8.68280680973243,41.40569157159721,3.1820120692570604,1.6952351031851567,0,0
174,video_quiz,mobile,72.46830203756019,77.36917100980308,4.328206873786613,7.341875279081075,10.162519709524544,50.09805604114881,5.331368816961577,1.881717804155805,0,0
175,video_quiz,mobile,56.46280365399072,93.97477914406171,3.4156794413819043,5.234607130990076,9.378110402960699,45.29250632212766,0.503124253750298,0.17438390784047567,0,0
176,control,desktop,86.3498342040805,74.59139727183859,3.251538292635674,3.739155167303665,9.753234472891211,49.95680391398384,1.1192746366544268,0.7056692687330584,1,0
177,control,mobile,73.29368247534076,70.61377304558151,3.5564241228712303,3.3601250115483703,10.428074770880055,52.64637215809976,0.02865971265312023,-0.05738234717900485,0,0
178,control,mobile,77.63983584298484,78.680632465728,2.7354003641980835,2.6636071319190444,15.934013143551393,78.36955396120612,1.1044659503446574,0.872021580566264,1,0
179,video,desktop,80.45627821466728,80.20623751632104,3.3718253417329915,5.042917897082447,10.822095834514414,54.566529344937656,0.359260314663243,0.27769784684302967,1,0
180,video,desktop,77.37245253829231,78.41904308671491,3.7875561118507934,4.9841771283478415,12.488246833276714,67.10216118210406,0.7998193176188967,0.6985650853700099,1,0
181,video,desktop,79.18674104347635,73.6403215520244,4.393964225792772,0.9279413907343845,12.003719188036964,61.523329505476454,0.09991984519795255,0.4932424314140259,0,0
182,control,desktop,76.91008537383765,69.02863292892812,3.1981070960763347,2.7257773274142183,11.069334196441744,55.85597957942099,2.2935500422088433,1.2419671500464853,0,0
183,control,desktop,66.1489127522765,78.9808755356779,2.9416040932346186,3.7213795534954026,9.200873044213743,47.43861711499102,1.2810713619484178,0.8001741148165861,0,0
184,video_quiz,mobile,74.93385758513979,60.36685961162975,4.0121505352793285,6.19789847051576,12.414259536740522,64.59979306808302,1.5438680188422862,0.8074734520261888,1,0
185,video,desktop,83.19124403994033,70.0903477922384,4.296105568203227,2.3395824908811234,4.748080264445691,20.697699978274134,0.7451845011168492,0.439916457458272,0,0
186,video_quiz,mobile,70.31954869883346,62.52570918331689,3.7150925985011263,5.84577126742942,14.619671725315808,72.24611966851326,0.15505053610159858,0.11910430237385969,1,0
187,control,desktop,79.41041774455805,75.34625284054191,3.0198605617364813,3.863617450624785,12.002595606459582,58.77878741984276,0.6853570685793219,0.7790601236082355,0,0
188,video,mobile,75.3567131615845,60.25925657135192,3.2206435330590866,4.406698423038768,10.301374321135455,50.21550456862269,1.3967343474401763,1.0731000037586598,1,0
189,video_quiz,mobile,86.52521651135285,54.82899141143951,3.9774100791336537,1.6434588838937882,9.962171396628763,54.039413433542144,1.2258028686677904,0.43205857342455023,0,0
190,video,desktop,72.97799759440191,71.0469483332533,3.7282173614026615,3.0161846658557843,10.659720102052363,54.31916651698494,2.0992933528543825,1.6012399113275133,1,0
191,control,desktop,72.66396669783806,73.90000913723458,3.8203269209126707,3.2002521874873646,12.440869005914031,64.43594452578579,0.6455887193334592,0.36216939268009063,0,0
192,video_quiz,mobile,71.064546078826,80.2685514903212,2.8252548291536623,3.9120370662487307,11.388848791349446,57.54210849401855,4.346265149789687,1.5412009999863878,1,0
193,video,mobile,71.18087139917048,74.07627057221985,3.9332933494572213,5.0776626762061134,14.096105034496023,75.98625373762815,1.7007190414186608,0.9519001022301846,0,0
194,video,mobile,53.819058312365584,55.712606476017996,3.065046070559911,4.531248735649705,15.144943070994092,71.70463785994009,1.1651927350299633,1.2880252273757575,0,0
195,control,desktop,69.85912126826743,76.37197278942634,3.555842003078188,3.9815888382702864,13.2819096029969,65.4407784091449,0.09688350058326786,0.25327161088988137,1,0
196,video,desktop,77.39908053236618,76.936533128376,4.343780993580723,4.820616912064627,5.525376819573355,26.74564150717212,1.266601151026788,0.8766960304792721,1,0
197,control,mobile,71.93394788265716,65.72058895336717,3.797357007199895,3.2762686736501614,8.436406212353184,41.484443966642786,2.5548360622358377,1.123363687839439,1,0
198,video_quiz,mobile,65.60528676642294,60.260063058752586,4.1947752680953565,3.7341982261007023,12.931711107834547,66.48755921927037,0.6251459233096966,0.5312169486020041,1,0
199,video,desktop,69.68176598259696,70.22021907562572,4.10069936037544,5.204461762957955,16.39097459800239,82.13528184485547,2.5157026220099,1.8276601127173924,1,0
200,control,desktop,72.15509497362433,71.80912609892668,2.633969638165592,3.002749171819475,8.239259422624686,42.49736462744569,3.0442467416854075,1.6158770447522492,1,0
201,video,desktop,68.58742575358063,88.28545221861525,3.559301948521158,2.77409993169382,11.80015762051626,61.08540417242686,2.1556461589013427,1.0389782850540619,1,0
202,control,desktop,70.8955951164528,69.66556554725672,4.111682658008593,3.0240854117488087,13.683786998495984,68.8697510401724,0.7614145075626843,0.48068790546103773,0,0
203,video,desktop,70.68487904417172,76.59599500307328,3.126446682134185,3.7081444216691795,10.31791900282694,53.04665087425059,0.12889403330893434,0.27297034072826953,1,0
204,video_quiz,mobile,79.16296677285742,61.57435845803329,4.218361499023645,2.5116276585254456,6.3458021344134385,30.848522113114363,1.25754982736584,1.0554415760367872,1,0
205,video_quiz,mobile,80.13113014832861,64.90427014743487,3.8784947766333193,5.790109263061608,15.865794932198547,78.03921887766465,0.7872511085952335,0.29392975801695576,1,0
206,video,desktop,82.46868075515738,70.76318136362158,3.4829349178724467,3.659571769246254,7.395397603593327,35.20458700177105,0.6907417076975739,0.6229534740240347,1,0
207,control,desktop,78.41361439340174,79.80721431543944,3.443642717087907,3.1977943114043677,7.779767247602102,39.06765230423013,0.2287319535556679,0.38680316633639755,1,0
208,video,mobile,66.33342012469161,79.06572525669289,3.4382886568719564,3.0190913937668746,10.805119226528708,52.11731394751976,1.6446646531076223,1.2878193162210199,1,0
209,video,mobile,79.67864359994985,70.93049918174714,3.5979545120771212,3.6353288048094092,10.165533471832733,48.687766118842646,0.8773776344552048,0.3287800039037684,1,0
210,control,mobile,69.48599530784456,81.04695914639632,2.8972500382325235,3.3871630811938296,7.2479697145531405,37.54266605744609,0.6740310228734344,1.092006136598383,1,0
211,video_quiz,desktop,75.18441766607576,79.46079417164304,3.004983004897442,3.855709056436993,15.028863673505835,73.28349386907449,4.270764195769031,1.5608228563687525,1,0
212,video,mobile,82.7057642554447,59.388559257575906,3.7158564769372515,3.434658430097327,11.562003954652218,58.944877359001204,0.7407884036151978,0.4448150693756254,1,0
213,video,desktop,75.67194284905312,78.28351447909819,3.863682021990742,5.984313702442536,12.71631380194611,62.937257064155915,0.2848874194994126,0.12569690880481946,0,0
214,video_quiz,mobile,73.97827224190095,61.517893049254184,4.92930407852243,4.869150866022748,9.87038836554487,48.194572093507794,0.09612070508090567,0.23868902474820453,1,0
215,video,mobile,60.697764112027286,86.40696363509635,3.5208807221177776,4.533306527885516,9.979610087347826,51.715301580964976,6.4813153849505545,1.7807732315698002,1,0
216,video,mobile,75.89607435013482,84.84317567018483,2.763174881154379,4.546237932053946,13.968535590236783,71.82730013664184,0.70661758178359,0.9687589453967821,1,0
217,control,mobile,64.15994682158015,79.45924881114843,2.7475950835560545,3.0484818183329456,8.439502353806287,42.62590735799274,2.7556611810803937,1.208376963020317,1,0
218,video,mobile,80.09551725094322,69.64117854041542,3.9242354072035392,4.327624627350598,8.931287886735458,47.476498617741484,0.1171778272076005,0.14226120017204713,0,0
219,video_quiz,desktop,73.52320658261719,71.8433444212734,4.049282293620155,2.548578757272579,11.398710793276656,53.630446632198066,1.0336763428568658,0.42985851907569345,1,0
220,control,mobile,54.11064926386312,68.78194082123048,3.367574530495259,3.7241042759474317,12.713044927545827,65.72690000506145,0.7649528742308196,0.4376522512564116,1,0
221,video,desktop,72.13583917949326,79.61492858432118,3.3881519169073715,5.046949761177578,12.721797601836666,62.001282651483905,0.46226695979155585,-0.1233695693818121,1,0
222,video_quiz,desktop,73.17572369371267,70.90601372599392,5.221885348448702,4.642386223969025,7.173134526544986,35.40395194468689,2.0410929081140434,1.105039860170125,1,0
223,control,mobile,75.88380180862474,73.79473983952548,4.236792806768896,3.0031779378418593,6.749911201594403,34.46665839467344,1.573677489471605,0.919550191468111,0,0
224,video_quiz,desktop,80.36409912517733,64.51422498406939,3.5410426247280267,2.0686784731961816,7.455021403132623,35.887833782373264,0.10864148233723078,-0.3371929133545627,0,0
225,video_quiz,desktop,72.3778860422305,76.5622479511458,4.64541859586651,6.152759749041305,12.651698695351941,63.173209395248435,0.5033592975851275,0.36141045576358105,1,0
226,control,desktop,83.102945558831,68.7868294954743,3.3824374338888723,2.8724815987318135,12.647781045867584,62.38541848975423,0.46553533806013897,0.5082397994972139,0,0
227,video,mobile,46.66355737077675,51.90981229063915,3.608135715173803,4.409766908292747,10.961893617985274,54.3540897815129,3.667940272047109,1.8793596102971803,1,0
228,video,desktop,69.28808801579817,78.11228929164385,3.0841872063934916,2.3593260059675463,10.89064733999584,58.66223527520759,0.3893749562980875,0.10186592341116782,1,0
229,video,mobile,63.101085833302506,76.36540048214096,4.5729183800685895,4.431454616362439,5.045821811656383,21.515785690373793,1.0791568287248685,0.2774512935328006,1,0
230,control,desktop,64.96653191532063,72.33973506211196,3.899155004699436,2.9123744726824308,10.957086005617844,54.35600390784128,4.833539202343037,1.732940659229999,1,0
231,control,mobile,79.67765097078009,68.16646918769108,2.3257399684285187,3.0059539359423444,5.279984869505536,27.185579548742606,7.291340089718201,2.563833111693643,1,0
232,control,desktop,81.6333631921988,88.62620260474016,4.030094784955592,2.291094116990364,12.477033071622934,60.121856975488186,1.0557142745089596,0.6404959880204136,1,0
233,control,desktop,68.79383983671822,73.83513424186219,3.1769730377885694,3.339532148426653,9.054248746181381,44.934744318219366,0.7003727808639518,0.41302863004035845,0,0
234,video_quiz,desktop,84.42445603167968,73.79270383033446,3.741325655574296,3.19745436618906,10.726890440105803,54.24020603027591,0.8888964281951844,0.9070108649749067,1,0
235,video_quiz,desktop,75.81173513961934,78.91383167492847,3.514053341253341,4.215379741923941,9.35976882208258,47.51721456931358,0.37321508285058275,0.22234894732810123,1,0
236,control,mobile,68.62652719379878,74.39539739629367,3.766892187116442,3.402090500705381,9.759399958136221,50.44301816770507,7.839130839832857,2.0886200794502403,1,0
237,video,mobile,66.4566176290205,88.79885519612117,3.8399373128613044,3.7143311460477615,6.6584716353540125,35.48615939107914,0.5726845978823729,0.2825164271420626,1,0
238,video_quiz,desktop,68.77382618829526,76.66469281129285,3.5755122078389654,7.875237332019644,9.493607235826472,46.80689667021642,0.26433002529874383,0.26334430350199145,0,0
239,video,desktop,78.78219885959628,79.56653485523029,3.113341327001429,2.9011969347692053,9.810786151598593,49.22906659579944,0.19028763293398393,0.1698013115195631,0,0
240,video,desktop,80.20123920773602,77.659982477909,3.3674861378318406,4.040485748153631,10.61996377457215,50.26117609408241,3.0827120247699207,1.4474202684917608,1,1
241,control,desktop,76.90800969750327,78.87182258894185,2.8924963726157706,3.2066615817396706,11.6339431462354,58.06470728718204,0.43477598611108037,0.3867241148372334,0,0
242,video,desktop,58.59825858093522,74.74408218092293,3.916668187291576,2.781027219683133,11.441012952765375,54.30291910782549,0.5815348650056757,0.069025629164369,1,0
243,video_quiz,desktop,77.37086924842323,76.33516666361461,4.327242195850285,4.457336213710943,10.808903064908296,54.06626285715251,0.5448154657529745,0.5971161999184772,1,0
244,video,mobile,76.52317251231045,68.66343210879056,3.218610058283715,3.605118242912357,8.043066883959277,41.8621794135238,2.07881486452432,0.7764756296362949,1,0
245,control,desktop,69.6463551562844,78.62501704431804,2.2054943451350457,3.1129072129730515,6.101491330039625,31.333901938933074,3.1197982250667238,1.3406400002409458,0,0
246,video,mobile,72.34600434318682,51.46338104695447,2.7996004398901455,4.253647979420609,6.99275208699386,35.14619200545293,0.45258759547514266,0.6862003396119397,1,0
247,video_quiz,mobile,57.08892560559402,84.6181806382089,4.622033305298269,6.8168514975289565,7.547467178803155,39.35136106161004,0.23095783778861284,0.35663998537349306,1,0
248,video,desktop,65.16024750656182,80.98815210133326,3.003113715875418,4.088173829231393,12.539040315552832,64.83760132188905,1.885978809156204,1.4428939800422533,1,0
249,video_quiz,mobile,69.40611721407578,84.86818844663551,4.166681119322357,5.284724436561646,13.22660154646223,64.47577996418099,0.949841163409719,0.5478122198112052,1,0
250,video_quiz,mobile,69.52199084787115,71.33443648773415,3.042105479718741,6.9987687404244845,7.610466411728917,40.4245610007237,0.1434175645160068,-0.004745901450198459,1,0
251,control,mobile,74.8134349739968,81.08366737771142,3.4382359013978028,2.207868131571138,6.519970700264639,31.087009218157725,0.8119887393765984,0.8883312032744721,1,0
252,video,desktop,65.50459690776472,70.34052799233746,4.751715843342612,3.538803179131241,5.132353653137725,24.770716823450876,0.102602479476405,0.13529053657709658,0,0
253,video_quiz,mobile,69.27035148303462,86.39363542241666,3.303159661398748,4.3687093543746505,8.128898027226805,42.095991312868904,6.022770719909321,2.46841009940115,1,0
254,video,desktop,71.08176175669273,68.40470825644978,3.9298183614688336,2.244439659382192,11.247132263019617,56.59085023401453,3.5901404870449145,1.293781122017311,1,0
255,control,mobile,76.22408379183366,82.49969793999249,3.3634771598687654,3.0383402352409536,6.73707496317691,33.63906378195054,4.570429189016191,1.9007975285291443,1,0
256,video_quiz,desktop,86.36834214694665,78.19594436768033,4.650730367692485,0.05954935707865605,13.558409786503123,68.13751069123556,2.9006394951190506,1.5201616089168097,1,0
257,video,mobile,85.7673625584806,79.50764538021913,3.5212558083986027,4.505537724650775,11.100035809091473,58.126865771689594,0.025450796284460224,0.3229612275468551,1,0
258,video_quiz,mobile,59.45247962534914,65.84666169204384,4.263694965239159,1.639086215633505,13.198312799272562,66.1275978871099,0.20056117780262256,0.3387711270955848,1,0
259,control,desktop,74.61588646599634,79.56099739780527,3.3091844768896816,2.374407529911573,7.6104147575503465,39.54301798386581,1.6760388188510909,1.1620079421916791,1,0
260,control,desktop,66.09976551804188,63.976410824618156,3.543705691382456,3.2621721766130287,12.136347475806396,62.121878771120436,0.2293706128871082,0.25048948198472165,1,0
261,video,mobile,71.48204038811008,85.43554899788734,3.0965323769858126,2.132426652419294,6.672013216450774,37.53546361116987,0.9109249013801282,0.8943871668888674,1,0
262,control,mobile,75.38335423692759,76.06300655252663,3.3154692568306965,4.02689013728191,12.075429631158661,63.14377976199187,0.340932524067329,0.17757853233150686,0,0
263,video_quiz,mobile,72.65192718962729,89.81533876066966,4.5861953584907145,4.509884978282653,14.32222915438729,73.02011579020463,0.24625392144557573,0.4536715206669299,0,0
264,control,desktop,74.60790640964431,76.20029390949928,3.900794354854767,2.9514534593805664,14.27851083051074,72.83163605399047,0.1678699442602669,0.6269318118806575,1,0
265,video,mobile,83.86431339812242,102.41104234815539,3.897437349314205,5.003192852063317,8.406084298922721,42.36828980241914,2.745031056994951,1.1479782579001112,1,0
266,control,mobile,77.76791513363128,57.93089066482966,2.520826079623231,2.9601455804558725,7.353137779937677,36.441201375302946,2.7300375426362464,1.4956476019908616,1,0
267,control,desktop,72.81876430769773,78.6564439110094,2.2678530946879585,3.120315595415335,9.502721587110592,47.4886696481396,1.0076459936604754,0.8075819181773198,0,0
268,control,mobile,72.19369088716235,58.82392817350846,3.445175336504366,2.92204990963807,14.713210833894424,73.61485438095575,1.4275671535473171,0.6540118686780855,1,0
269,video,desktop,81.96718245431519,74.24168291727464,2.993013748096256,3.2981828970443456,5.913135514361179,28.667229939599153,0.39357268383182403,0.3600371958562165,0,0
270,video,desktop,79.87832404831423,79.45423552585605,4.106600763651527,4.171187505089523,5.460180996223157,26.473638493851244,3.7329397163386755,1.7813070795127086,1,0
271,control,mobile,68.59939117039343,83.00688521936802,3.0273293818633285,3.262514027063536,3.8634390217611774,19.19020358313974,1.2770961516888135,1.0160885233035724,1,0
272,video,mobile,57.798057271171444,106.27261888572284,4.206969566035788,2.5268617547242824,10.282777883682986,50.765369368391596,1.5258602295590313,0.7114744190652422,1,0
273,control,mobile,62.52274005781848,67.377492266184,4.475489974765274,2.559413512586879,4.902276378111315,24.12415032915283,0.8920883308828296,0.7083366703759608,1,0
274,video,desktop,76.16783380010813,82.71600806487709,3.562606394885078,3.1405849475039775,13.572700302769942,67.53004729616772,1.6793856164294283,1.105561110992538,1,0
275,video,mobile,57.70778517856796,68.93119700591693,3.530399768118616,3.770411784904903,14.922391339702937,76.42366268690837,1.561350936161467,1.171725059331627,0,0
276,control,mobile,70.78084401586858,61.78559858744482,3.8080957695216675,3.1728303087411223,9.589471273703293,49.53204270716241,5.476659124547947,1.8825576464977687,0,0
277,video,desktop,71.37144659049977,65.26227863149785,4.238343016673816,5.956085644845336,17.17923792567992,87.94546622322135,1.3733649908015984,0.7251608396907807,1,0
278,control,mobile,79.99402242437763,75.60273001443441,4.2209649008676475,3.1375200756160364,10.700502436888758,55.992641796346255,0.27248967750531045,0.5215617809979942,1,0
279,video,desktop,64.45564941219635,71.87216636630323,3.717941771589702,3.625656318599768,8.485291629637382,40.98551965603786,1.8903366920624025,0.7934897562257268,1,0
280,control,desktop,59.54584816879209,80.08510421897343,2.8202798249946053,2.6425596126945923,8.436022321042799,42.237854113556416,0.5286972508767891,0.26585082353784983,0,0
281,video_quiz,desktop,71.64287406711914,71.8295954703934,4.104628194352516,6.07350861827649,14.29885798227521,72.09696650513425,0.382679448205674,0.5170556245996409,0,0
282,control,mobile,77.07810505274819,65.37437507868889,2.825822484128142,2.994048764388168,12.378427179599727,62.77660725770775,0.9304412961019725,0.7409982119805558,0,0
283,control,desktop,83.55934879141881,77.12793165858564,3.3438858220572256,3.1708772840760076,3.909186840446095,20.571379611655495,1.1604706258438124,0.808293522582461,1,0
284,video_quiz,desktop,67.72538386752046,85.32729478883635,3.579056187279816,4.298777503706529,4.359347282413755,24.63718669223448,0.060522630004153935,-0.1412470659820832,0,0
285,control,mobile,75.7621099807695,55.58160190502163,3.7412038737909636,3.275288671274239,5.591589137845786,26.86008333704523,1.3228580993277665,1.071985042089881,1,0
286,video_quiz,mobile,63.10855641790116,89.28180487571193,4.518494092752764,5.161660010245603,8.222177417283017,41.57245214007831,1.6771747536490116,1.129377649627815,1,0
287,video_quiz,mobile,66.00938027544439,86.9856847967259,4.1834199823506,4.972916869131373,6.103358134650778,28.082960473876977,3.604034249957744,2.0155805599397296,1,0
288,video_quiz,desktop,79.54075780822212,73.6743241777894,4.115345928053564,4.306899555326517,7.706265969843692,39.36536613109955,1.1756224687476984,0.9524042455926616,1,0
289,video_quiz,desktop,80.74520434041474,79.05249771011005,3.9821342490913243,4.468171825864624,7.531642199141295,34.47345860647541,0.1583708828067067,-0.19892064626422806,1,0
290,video_quiz,desktop,67.00495400581185,73.29434144203513,4.88735312211298,4.988175206186885,6.638476895012052,33.91338019769862,1.2912554641297225,0.8554107202145663,1,0
291,video,mobile,75.79918658349588,110.942215264404,4.312450489613768,1.8758038150777567,16.358556130153914,84.27445835671008,2.9380913006531713,1.3485307826291286,0,0
292,video_quiz,mobile,57.052001493995604,71.20647533191874,4.187430112746666,4.2386692681262135,14.257671838056881,72.53209139212522,1.673653047407262,0.9442360462731711,1,0
293,video,desktop,73.37872874267556,75.48248456131599,3.0860100737364027,4.780789473063955,15.339905697239685,74.57193110761449,2.8138485886663753,1.2889170983533247,1,0
294,video_quiz,mobile,62.92601578977327,67.7873342535868,3.3938910084862326,3.4354338795861175,15.035204305763294,73.62631462991737,0.21842357025719336,0.23874969535385723,1,0
295,control,mobile,65.53840527842279,45.90473523981538,3.3725724278226417,1.9549405006235037,9.787454924263567,50.17132742943432,1.0536427653081568,0.5348373302935796,1,0
296,video_quiz,desktop,64.7913811828452,73.42107972073086,3.7171628375501626,1.8069368984967893,10.331948032069477,51.43499408545889,1.1895164663145839,0.38626357794512023,1,0
297,video_quiz,mobile,76.42901116271187,76.71259154462251,4.385560323425673,4.4353555665846045,7.217082616595846,31.728792907571464,2.7246631853713943,1.4170699480796125,1,0
298,video_quiz,mobile,76.43099576345494,97.01476194650769,3.8679826775781434,3.002632777203594,10.445130072880982,55.05954558181624,0.5903171764342049,0.7376214570922031,0,0
299,control,mobile,66.47039643733778,80.87131404474506,3.6642526155431665,3.0669624721930155,6.999222163083445,35.36734693058589,1.8975294115697885,1.178939427508904,0,0
300,video,mobile,75.00465845154879,69.96988499627685,3.724449146687322,3.781537832547745,5.192819214119918,23.10500493581442,1.3558140689325988,0.9306903306371797,1,0
301,control,desktop,77.090180425083,75.3596591564857,3.7988318371710528,2.765422949550711,7.698917158169285,38.96339522617572,0.5532184835283437,0.2482039684109782,1,0
302,video_quiz,desktop,73.97238596533246,76.96404219844979,2.7596568486234245,2.6530039198777446,12.61643732509285,67.5111808280487,1.315903359525094,1.0554154766931505,1,0
303,control,desktop,92.26536159666863,72.7262036485264,3.0637698525050805,3.0977434773907992,10.290974148496625,51.161774324212445,2.6532052561758324,0.8035676440502026,1,0
304,control,mobile,65.27297106288111,83.91579226884579,4.530072879960101,3.034465847717371,11.808557798075343,58.71967156538069,0.9937763812998438,1.19898725359799,1,0
305,control,desktop,75.1144407257051,84.75052894852008,1.6981033929578377,2.9380552515186884,10.051286961339427,48.97304171231708,0.020315651913865276,-0.11836650167912016,1,0
306,video_quiz,mobile,68.94090376563553,67.18962018407142,4.605591330371097,5.870345986702605,7.243857193547431,37.51332269510703,0.3814311764351543,0.5014979748058621,1,0
307,video,desktop,72.02575988295663,82.24518159510217,3.850802244461365,4.001334438224826,11.558432271158367,58.29487591211877,0.7950918593494567,0.4706516914417433,1,0
308,video,mobile,73.27529603273183,87.02122086770113,4.371420632609541,3.203968464027247,10.284497102297227,53.046171327269185,1.7193029856856836,1.0273381832204793,1,0
309,video,mobile,69.64483439848284,81.59591777686182,3.495844922684623,3.4414060499264014,13.947734323185461,68.28716777064594,3.818664240625651,1.4868983244067782,0,0
310,control,mobile,65.11658591926209,74.79080989690983,3.914212663431728,2.969034525710398,14.064933315723808,71.78248171825871,0.6717593388044372,0.013213094032088812,0,0
311,video,desktop,75.99381998367785,77.02670322589627,4.330143482483266,3.923190773173343,9.111045797387105,43.19921785326517,0.42918033034330544,0.5141703404645481,0,0
312,video,mobile,81.45865317403188,69.52170921805106,3.7180680556208663,5.136415170755952,10.363891976134992,52.81239868211225,0.15934256482070422,-0.11943099037413363,1,0
313,control,mobile,79.54213103982799,102.38989605962556,2.5015928729783106,3.8440386204458137,7.3140072853352756,34.98627614943842,1.9859348907884313,0.8064892744934016,1,0
314,video,mobile,73.62435590726969,61.50554950791259,4.147802720449128,3.3310546879411556,7.420674790971822,37.180163442193766,1.8564991159199815,0.9280933548397234,1,0
315,video,mobile,66.11682548960857,91.15911510857495,3.0159378028288977,2.780592868127404,8.27031834591286,38.23428503802814,1.5195106565252496,0.8526476123364927,0,0
316,video_quiz,desktop,76.49143680319575,84.29833032759369,4.017574057661352,3.3228132763104647,11.476256997252895,57.57715554229887,2.488684899210985,1.337453696917086,1,0
317,video,desktop,83.6771441867675,73.0611940030638,4.168144946497517,4.220126262717836,8.439390489229032,42.15739801823778,0.8914526618487417,0.5095942322256581,1,0
318,video_quiz,mobile,81.52951409861589,91.65355134867373,4.7552406238944185,5.799015426740588,14.636170959827659,70.12392849174242,0.18792713842001163,0.842906872836497,1,0
319,video,desktop,77.87749647653116,75.86388807738606,3.391224616077015,3.391885143106909,11.42042172717068,60.56452004295541,0.6040063530555362,0.08754501657097258,1,0
320,video,mobile,69.08514239867026,73.99775661816805,3.976189761824268,2.8858234186150513,9.194360354418016,47.21649843854186,0.28519328961892704,0.16939802281685662,1,0
321,control,mobile,70.37797800453703,71.80698091462206,2.2744780316687176,3.1911805849161134,13.047363147953842,63.057481679631366,4.186164198380936,1.7673822836084627,0,0
322,video,desktop,81.17636741870804,65.31761339674547,3.316571459238354,4.423592922268594,7.795233115151337,36.9611402010169,3.4759833962544855,1.770775851079455,1,0
323,video_quiz,desktop,80.49076971897,78.28754374951023,4.981351337554266,6.162358669263897,8.066941103186885,39.83670247745186,1.4779450590405907,1.0646696900379533,1,0
324,control,mobile,57.93840310289613,96.09682822962793,4.006032828707666,2.681141394943264,14.041778442764233,69.07369099005282,4.2014321345860335,1.860593693957811,1,0
325,control,mobile,77.26894051833821,61.72447323800631,3.6015283018494726,3.1644312376084,6.080163256972066,30.215008994187315,4.5124525693412965,1.5337099148614048,1,0
326,video,desktop,80.69030672023622,80.08403194847423,3.514899308514877,2.1683004295434305,9.551072902904258,43.41974882812224,3.5995789230792488,1.67477723949985,1,0
327,video,desktop,67.90246859995781,74.48876764623766,4.108356189987706,3.694302941847235,8.86118498862995,47.69062554353872,0.5283563685910787,0.7498940245213515,1,0
328,video_quiz,desktop,68.88015107021054,68.44386435013551,4.086063084777328,5.59332611151446,7.7992141018981815,37.561232584086156,0.04646757873128479,0.16854082349992464,0,0
329,control,mobile,65.94268721505891,88.96623945151654,3.3009371644960384,3.741860345832809,12.957444756428636,67.21139778804528,1.0921101565375648,1.3368434315527977,0,0
330,video_quiz,mobile,66.55789757981722,99.9765893007399,4.153029745043666,4.8438933169696,12.5876605663877,62.60225695829647,1.5488112174056732,0.920779224683913,1,0
331,video,mobile,60.66600330244613,60.29196225808624,3.134687816362921,3.5582498573420516,12.031642498304668,65.05383826580446,0.945948218802858,0.5831398049274701,1,0
332,video_quiz,desktop,77.50473543641557,76.29481017319725,4.535554886791625,1.7692703187288856,10.06905280792542,52.06315541283019,5.748189644975312,1.4790747457544418,1,0
333,video,desktop,68.71424480985992,66.36158575392389,2.9580316436549348,4.028371100264558,11.924981373953987,61.749722500413874,1.782772559530144,0.9134010341813708,1,0
334,video_quiz,desktop,74.43692931126968,74.7479560885726,4.565506912513855,5.437166054316393,3.9934026569752454,22.35850646067318,1.3388981149883457,0.9780052788352587,1,0
335,video,desktop,71.01944973560803,77.91639841705958,3.0236385176568485,4.813665760007033,8.78582988413853,44.09614193300826,2.2443501311483,1.401053743335159,0,0
336,video,mobile,74.04142017117351,101.04655369349535,3.1667545704615088,4.043211710654849,10.11239436860752,50.86340006458886,1.1348796441633222,1.1076928134424633,1,0
337,video,mobile,63.915063711424395,97.92117945801799,1.8954915865180348,2.8445286331588338,8.231380748133597,40.90600423111672,3.0804861534106713,1.4612936918385162,1,0
338,video_quiz,mobile,73.96212299917173,99.27997346501154,4.0063499289549815,5.296306914144564,10.557325232852223,53.509717440416594,0.9412875631952855,0.5210956593027709,1,0
339,video,desktop,78.11824812754955,71.83744834876774,3.7135133849576154,5.489879529356585,17.147324158008615,85.88816480269179,0.16501341070613468,-0.17689347218701232,1,0
340,control,desktop,81.62075668158903,73.52900958900591,3.6962435048320805,2.8688007129896715,10.338025594605362,52.41433290316384,0.3308959857278284,0.24030660940375054,0,0
341,video_quiz,desktop,90.74215271512526,65.01416745046838,4.886525605819207,2.85559707832732,11.234024807788098,54.58279346720519,0.8881351917186929,0.378899687140618,1,0
342,video_quiz,desktop,58.263185837966255,70.70906694948613,3.2058719433023404,3.7065817411223954,10.608214555411891,52.20788504715207,0.870513913957384,0.5762315348887045,1,0
343,video,mobile,74.5625146749851,49.770732770478276,4.190896492247937,3.7868213558776946,6.405868456643663,33.13807448481156,3.921175647609305,1.2465692524737495,1,0
344,video,desktop,69.32669726714607,77.19322137982346,3.321579447839906,3.2765184718681937,5.535846948296977,27.72122064207666,0.8468147134503223,0.5248743859926355,1,0
345,control,desktop,59.599530616710716,70.81805997125254,3.1567639410754214,3.353166420242302,5.139456021713496,26.666571362047158,0.12875730851387834,-0.03685839801177079,0,0
346,control,desktop,81.73304498645324,68.39146638111016,3.136838986656547,3.2153650909507157,10.843221697963717,55.55805036699547,0.9774549260808878,0.9366376602593272,1,0
347,video,desktop,85.65759907115924,72.86751338459592,3.330291197508184,3.465674688436624,3.881911569795026,21.18554065323066,1.8710483117777992,0.7622747807190535,0,0
348,video,desktop,71.86697831600594,67.89073826442333,3.06605336587024,3.780174757148891,11.928594023881349,60.630868140338045,0.38968852569296636,-0.092354290665068,1,0
349,video_quiz,desktop,76.68733036977609,76.85410091872579,4.267530029128392,1.5296814702192387,9.393593339983155,46.503424294637966,3.081102356184788,1.6024607019088695,0,0
350,video_quiz,desktop,74.48738607869474,76.70668496414062,4.5866870267936894,4.8782576959169,11.35577547438989,55.048422933533274,0.01126545721954385,0.3876750205836052,1,0
351,video_quiz,desktop,78.47358134474557,73.10572445965356,3.3441369723440033,1.791148041924893,6.019806679781998,32.4147478593042,1.8296118005539024,1.2334520581665314,0,0
352,video_quiz,mobile,79.04428599138878,61.30919231338518,4.088324746176006,3.8008031990380378,14.657981274954249,71.90455593801481,0.43068511301440815,0.32261180621266444,1,0
353,video,desktop,77.75949868554717,66.96335175092659,3.2225926471879784,3.33865553626964,9.822789923636801,49.114182886306544,1.9596429265646242,0.8704047164784872,1,0
354,control,mobile,74.76615943568127,81.88570568396864,3.857553066691152,3.233289500324674,4.3199041889519645,24.834958280190474,1.3993336981324265,0.8228016150226872,0,0
355,control,mobile,82.07789234297307,76.65953183896698,3.496147728166808,2.7779289700585093,13.700560877833759,66.91683931292745,3.483976702595737,1.4017855835139303,1,0
356,video,mobile,70.68270222258705,80.4290474259591,4.505223068655213,3.753042052450055,6.180141369387757,30.355781065051758,0.13818068137647993,-0.1707908920354855,1,0
357,control,desktop,82.3845165703916,73.16138771428412,2.270740999130519,3.747596016899969,6.334181029367791,31.90789137282245,1.0071168672638686,0.7000038657015388,1,0
358,control,mobile,65.42399662246785,69.51322391069756,3.8205179602166965,2.2152839801134103,6.406978088259116,28.461872781555716,1.403518610490098,1.1989254832205243,0,0
359,video,desktop,87.85667957373362,83.65199489265783,3.697599246293144,3.913101626714012,9.069002459545098,43.20706104997833,3.00186369154836,1.6003834630590221,0,0
360,video,mobile,77.90260313898325,63.39064215201701,3.164895930122839,4.664209270891057,11.76170343779105,61.311246890008526,0.02320515236094948,0.11122156067880175,1,0
361,video,mobile,68.76992372886832,67.99769563907066,3.893522096135222,3.172249803899204,11.674424484409581,59.2763150440881,2.374715066518955,1.2020307188094026,0,0
362,control,desktop,58.083614823282666,79.4633524971909,4.139619963696515,3.0104612321316124,17.56411333752326,89.47161122533595,0.9714017432076851,0.43391685714417333,0,0
363,video,desktop,74.9975142629508,76.81746777933378,4.562768474803749,2.438671141199063,8.009814590666714,40.560689649971046,3.3977605297470808,1.7536611678839156,1,0
364,control,mobile,62.545524729834,40.25404468693602,3.6933309225539634,2.195610431815064,8.629975549200067,39.24420018518341,0.1541487495288183,-0.21589995731582334,1,0
365,control,desktop,77.39707682543798,64.87267961980999,2.6050371885074735,3.3610545111022057,5.909084053214599,27.508324100304318,0.38921400823256136,-0.20704982647924652,1,0
366,video_quiz,desktop,86.6093505824038,71.03501240033944,4.28591807205352,3.7111415197222235,6.709478138690458,29.094995218074136,1.01604931746356,0.6855116439194086,1,0
367,video,desktop,76.28047834237191,80.4617979866722,3.805453545647992,2.487315153297036,13.361997713487241,68.09343176884363,1.7430202556219476,0.9032586210846879,1,0
368,video,desktop,73.5758990854038,79.0300384660961,4.345209973586177,3.3266210504669487,8.490687802249118,47.87395818099129,0.20702203662046625,0.09953294552132382,0,0
369,video,mobile,74.73764323196687,81.31237377199977,3.5010748925880746,4.404434399555128,11.355209710758873,53.641299182370595,1.4013573702074056,1.057316342406009,1,0
370,video,desktop,77.285201568879,78.76646457801495,3.609343069809527,4.351231717213562,10.0960721271466,52.622638047631725,0.8580980964654763,0.7543663299916039,0,0
371,video_quiz,desktop,56.097087132382015,69.18633147226487,3.7078947842413457,6.185921509887244,6.849295575955095,36.42542933800685,0.6382253925035309,0.6596627896747898,1,0
372,video,desktop,76.9274949125641,78.60628255950333,4.00085239238223,3.2960031482742584,7.527402362705683,38.01047112737986,1.8803052929100084,1.3305635585065425,1,0
373,control,mobile,76.96221884894157,58.25946085243932,3.0707537065076895,2.686281712459419,4.374484215287215,19.13139773904336,1.2512829001394905,0.49442227015814494,1,0
374,video_quiz,mobile,69.92526692565835,88.15678722835368,4.211587153253353,4.895586513198891,9.391088883231582,45.22207169438597,0.14153629902373505,0.5696430453005559,1,0
375,video_quiz,desktop,82.82847262512408,71.93660919471556,3.818269992269664,6.100172011001981,10.237435948254346,47.14714726629012,0.7360750259248934,0.3382564889649489,1,0
376,control,mobile,70.97860340333602,77.50601724970689,3.228343768239451,2.81272071915693,9.087997251377573,45.1888605943039,0.05600400879883817,0.13188985654067553,1,0
377,video_quiz,desktop,81.13599009984328,63.7530095776859,3.451752197013803,6.024744052536771,12.98012908147804,65.33568053941384,0.7128940098430254,1.0066613631114372,1,0
378,video,mobile,90.18484085649723,51.41777740471383,3.696533500095269,3.466530179757624,6.0263336507863485,31.7757653286015,3.8647389581233806,1.989229346860044,1,0
379,video_quiz,desktop,74.22887096778823,81.54406462732547,3.7384548654634107,7.967413496275685,10.139495629558915,50.289112395041045,1.4883745288322425,1.264974011002995,1,0
380,control,mobile,56.46294267265402,84.06790192299056,3.6195971326569456,2.140163048088957,6.988550332964775,33.24718159593494,1.871507296941398,1.049428753759491,1,0
381,video,desktop,72.30726620739513,67.69237936007521,4.708472051102716,5.334834876879286,11.142161638356493,54.330575749517266,0.5208316896103973,0.05462625471299143,0,0
382,video_quiz,mobile,58.19287996167944,93.56946755862398,4.607420745272884,1.604535636954084,7.309844987046342,36.285968502089965,1.723807531820556,0.7347128872482873,0,0
383,video,desktop,79.88990261152317,68.45529342709115,2.9280464916998308,5.023173360328812,12.437711743003746,62.79133865787828,4.802830838861017,1.6791719956959927,1,0
384,video_quiz,desktop,85.47480779226473,75.11976662342599,3.8844219704608975,4.454441157021321,11.912083554050774,62.34235810069322,2.0134423255399367,0.9320446282128402,1,0
385,video,mobile,77.56703729374033,65.31839005014156,2.63418294952952,3.3466570948016816,10.998135819498977,59.08365367105973,2.9150428820203738,1.1854102152041697,1,0
386,control,desktop,77.56246570197015,69.45950882027327,3.208142037135186,2.545614880537459,10.77471040543697,53.85766104608972,0.23787522576309023,0.15443450551683718,1,0
387,video,desktop,69.84059633980193,82.00764336923147,2.535465870367635,2.871877856239466,10.857231640079634,52.13046788985792,1.0281432495301055,0.5472444093618455,0,0
388,video_quiz,desktop,87.60519796773183,85.10988897374561,3.379173616577328,5.527160721918246,10.999838198882701,57.45603824646275,0.3360815402377934,0.16072021874579442,1,0
389,video,mobile,78.02620969599455,75.85238747356252,4.257754074203411,4.260309213981642,11.595420119974314,63.09104000450014,1.3266360589626622,0.8675496554519939,1,0
390,control,desktop,77.27575645383641,84.15599350117601,3.7166221126677987,2.905777733810905,8.935702938663043,43.171015082181405,1.4841981705379645,0.6622553183899959,0,0
391,control,mobile,73.63888255237256,68.50055914896967,2.2877797256200885,2.9867078787933,6.637556287999437,32.192871691673375,0.09395890650054252,0.2693466821612873,1,0
392,video,desktop,75.89301886920005,75.64985159029412,3.3315359016929507,2.928718802570957,9.868620782953814,49.10242230111886,5.588691487568673,2.121972950778505,1,0
393,video_quiz,mobile,75.61773139167528,75.1038281023139,4.378092352954642,4.061378595419319,11.539024854271418,57.739495821641455,2.09971993224639,1.016853917402131,0,0
394,video,mobile,67.09338256750716,54.49265778202045,3.835495954806416,4.685841111717784,11.534794673390154,56.32114298418095,1.5806946135622653,0.9505201938860204,0,0
395,control,mobile,84.20199947202737,80.9913102794005,2.2236996816749706,2.546204002263341,15.190165839393739,73.1774238405142,0.5929901171342866,0.8452042349186356,0,0
396,video,mobile,73.21871802299155,84.35509024259791,3.756005809298305,4.321137514439384,8.502087759481633,43.73511295905258,0.6847617151995881,0.721878456432015,1,0
397,control,desktop,79.80043560378,73.95915819215205,2.8352884215052594,2.769276568422703,5.767649113627014,28.56789267848993,0.1034829762733043,0.5026756484414515,1,0
398,video,desktop,71.53146177864458,64.84949299132295,4.319200742967547,2.272430733746378,8.365514033952559,44.085737607244305,0.1997733661742509,0.3748722825646818,1,0
399,control,desktop,77.99934826858741,77.20623296622647,3.0798921364093776,3.530839415940486,8.732217659617197,44.74974793196689,0.7015421035157338,0.7893898497874461,1,0
400,video_quiz,desktop,56.74598058954816,65.9099189150983,4.315572482253362,1.826895115867445,7.585128757906329,39.96587716149864,2.208992851078717,1.0245092726276168,1,0
401,video,desktop,66.05360897233473,70.13238099818537,3.5345276355113358,3.3351722666865933,6.8823819605119,34.53790929514493,1.990649514273236,1.0880727397594518,1,0
402,control,mobile,71.7486947745083,75.10274067920504,3.5998666761909073,3.5346267177371713,9.590885346567847,49.357284264735604,0.31778199233723065,0.08512299449299959,1,0
403,video_quiz,mobile,61.42021511954666,60.685400570819944,3.6391583473941704,2.883020571202989,9.792665610136376,47.50861981059356,0.49971079193175283,0.4262412937706541,1,0
404,video,desktop,94.51531251092133,76.52205990327104,4.000951976807385,4.742553423820408,6.8851854619560875,35.431028031834266,0.09261029500183077,0.22447188865107542,1,0
405,video_quiz,mobile,58.655349488724895,69.38063592165632,4.825377692004425,3.492697171018548,6.566692151541318,34.85628040320839,1.906263426564089,1.1256336273472691,1,0
406,control,desktop,77.7672059922875,65.21702093555368,4.30133638874407,2.9532054108655608,11.109889429391194,58.20548442712215,3.96932790765678,1.2289441587548064,1,0
407,video_quiz,mobile,85.24618522779335,75.68754497725617,5.050273766574283,7.692185458249439,11.414760830823749,56.48658295272797,0.8493704561826256,0.41739072999022697,1,0
408,video,desktop,78.85029647529667,78.51947808171924,3.2783268997897155,4.935790661166827,7.544015112867379,38.9207850669601,0.46249552804175487,0.0856498251931585,0,0
409,video,mobile,69.51817957294901,89.1984038849901,3.9462898340811488,3.886185432934724,9.4839845173185,50.033387430371455,0.39572294234819577,0.41146527740846983,1,0
410,control,mobile,67.58284732933772,67.13491080372887,3.6844983425909823,2.6730047262150953,11.489868578242856,54.338097058418676,2.2910670567261646,1.0930721778746533,1,0
411,control,mobile,77.38604391018114,72.0162611402367,3.5540269132096145,3.0134431347286283,10.392285084726584,51.24857838135588,1.5849584717451393,1.0171477055842024,1,0
412,video,mobile,65.59783455165963,49.07826129056319,4.052087080432733,5.449609729994417,14.68774366158743,74.6089030077372,6.442728929256203,1.4892368845326849,1,0
413,video_quiz,mobile,71.04411112152997,104.43823048542865,4.354366168155796,8.209691644449055,5.973407705086,29.302078063357904,4.538315373320355,1.7363869873076856,0,0
414,video,mobile,77.52958884574464,97.08013102959495,3.2728467553392595,3.1801679659634106,5.3296924732259034,25.34113227857617,0.11385210273596033,-0.14735477934865643,1,0
415,video,desktop,72.53696778738959,74.8089958943187,3.724266332058258,5.244245062491387,12.168487233269374,61.727915581551294,0.29859630581069696,0.43962122605867254,1,0
416,video,mobile,72.70008008150971,71.00253163768072,4.108072020779918,2.2221722122173597,11.050354803600314,54.322920129249674,0.23628250386675334,0.40499580209106734,0,0
417,control,mobile,69.56730965960791,26.116434490112375,3.476963235938461,3.2941032040148523,8.355868050869855,41.94127240563685,1.0514532553572586,0.8574795640107241,1,0
418,control,desktop,67.24161917194506,81.21157537747649,2.5421878968940135,3.187183210371806,13.26177628639095,63.22666540616096,0.7716445833574984,0.8074068556696946,0,0
419,video,mobile,81.51320387777716,82.0057788985166,3.073429033950046,4.841096921915804,8.065064509418493,39.407233769992935,2.3357531383755097,1.4072653145724148,1,0
420,video_quiz,mobile,83.14452992466394,86.0049899279499,3.8544550299547877,2.801664113762948,11.535635244771361,58.26115314663497,0.3314406413955457,0.1569333752418481,1,0
421,video,desktop,72.46640036877315,72.56851106820343,3.4771118990733796,3.9460171537248785,9.461673409742705,47.13053251389643,0.15957256832409555,-0.21326699531499688,1,0
422,control,mobile,69.87539073057134,65.48913879898613,3.294363937042314,2.0691201231317264,7.674905911827758,38.3077335520312,1.4927850833092098,1.0920234814008967,1,0
423,video_quiz,desktop,73.57680528816103,67.587488125078,3.513743298017461,3.16588260704695,8.7283300975457,44.29950908677979,0.2947007844533919,0.3387432917808321,1,0
424,video_quiz,desktop,79.31042618900625,79.66805838111,4.576973500463774,4.269393551186832,13.514575254778478,69.78452129186559,2.487164724213885,0.6798697263469072,1,0
425,video,desktop,67.75759787806777,82.51292327219078,2.4854614054380093,3.9945130825892283,8.841260169212946,43.74148084495664,0.4603801404619943,-0.049909798088472845,1,0
426,video_quiz,desktop,74.29179755557928,81.74329726057827,4.417221011762338,9.325548099455274,14.524772213170841,72.60123974849512,0.7392876144487517,0.22995551265913639,1,0
427,video_quiz,mobile,74.10367244135317,75.99612121613364,4.403920056572012,3.3830890114301204,10.46628603051832,52.5037335812866,0.6356255398135497,0.4722964255295305,1,0
428,video,desktop,80.13633719509798,73.04008978699484,3.986459192479959,3.8208510164570124,9.239215850012886,45.26296461680925,4.43048279734613,1.3421238859129296,1,0
429,video,desktop,52.75330180094864,68.68817745980337,1.7598074202452003,2.6479975385157433,6.987220603554538,33.38684059327932,0.45009822283018497,0.5354017752303923,1,0
430,video,mobile,75.2272256765481,61.77199168590633,2.7904347093503157,1.9136034020035768,12.029503785392343,61.85870369742766,0.818999004200174,0.4708153013159036,1,0
431,control,mobile,74.76677409535267,80.48080757816035,2.9883823895557873,3.4491774534540354,10.618430808055225,50.79004849776592,0.7910845870116432,0.9693778527017943,1,0
432,control,mobile,80.06182589359707,68.44714599358602,3.300969222682916,3.4527264179842154,9.765174850911459,50.03705392884395,2.854874317080749,1.456015078164528,1,0
433,control,desktop,70.78988787823444,84.84842510841311,3.151165158748824,2.3122797300929823,10.29972343045408,51.100598613668666,2.5463409244556963,1.233298466903899,1,0
434,control,desktop,70.85317435784746,81.91413618494596,2.711752040017619,2.155104552655688,9.635698171620566,47.52029450519617,2.8781801938235225,1.4608281923772948,1,0
435,video,mobile,81.62013269335762,63.371053886141496,4.369826392061744,3.1641183902742647,6.410158333547957,32.72150595870411,1.4679497801260273,0.670079862517968,1,0
436,control,mobile,59.494746350806324,53.54940697063995,3.394417699753642,3.8335128934219673,11.963475369079095,60.790280322932176,0.43555540157987205,0.7230521490110126,1,0
437,video_quiz,mobile,85.03272233105119,64.22530651566132,3.863147048706092,1.6213455714119065,15.57144748201538,75.8028731492119,0.3292933210219016,0.5472554854699855,1,0
438,control,desktop,95.4471556738226,81.39229767861897,2.607457081796623,3.340898428847667,15.094079700079696,75.42045098745454,0.18963036927748622,0.23528450101695114,0,0
439,video,desktop,78.81961347763908,71.85646555126968,3.6409279739503573,3.931426630618842,10.31661480612265,50.71886607897391,1.2712713595297924,1.3036480479925767,0,0
440,video,mobile,78.51278778861291,81.73580776266401,4.355220264460803,3.4981825458457836,9.23944119039061,44.73518824792963,0.73371842305168,0.18393627038508797,1,0
441,video,mobile,60.08334634320525,63.94591809236524,3.6211078964543795,3.1953983980448113,10.253938751235836,47.10735447689544,0.08497456612012749,0.2839279188303902,1,0
442,video,mobile,66.44352170641942,78.4906265123751,3.5807715400971327,4.044982046140189,8.13581853277005,42.397987802119886,1.8678364761827035,1.3545917154104277,1,0
443,video_quiz,desktop,83.46290037737681,78.16885184011788,4.139769436786923,3.7405688800221535,10.843092053603794,56.013208289295214,0.9323189346156062,0.7828883596381556,1,0
444,control,desktop,77.89452277585787,80.91499947350728,3.2723695206115537,2.8003398006505265,11.123464815628752,53.30373446953517,0.09082783674315581,0.04804265111569065,1,0
445,control,desktop,73.54858029578584,83.5994407834785,3.0600880552193264,2.8962301245888966,6.391272689548674,31.75939686736284,0.8765302334805676,0.11444897387665653,1,0
446,video_quiz,desktop,76.86295305871636,82.86137360884761,3.5162869968390837,6.300920476988686,9.013444684961,42.63461231793794,4.410001775053929,1.9595496861692008,0,0
447,video_quiz,desktop,79.05581187456214,71.81897094496338,5.017408585470287,4.683114583511002,12.622605074856928,62.41579119014019,0.29398720381991406,0.15106718802117497,1,0
448,control,mobile,69.65523439130374,70.64770022169532,3.582495561355844,3.0344759622591218,12.70140622210691,62.24456249911387,1.527453120511471,0.9093693858957402,0,0
449,video,desktop,74.76843244018609,67.95884942874991,4.870280037899407,5.182578791774409,6.225083347820036,33.83903672832194,0.8362492259239139,0.8543265233186661,0,0
450,control,desktop,74.70954100160853,73.5858882747932,3.4985335651805247,2.8659257735513357,13.28756466172425,63.70886465323013,0.5990508856843538,0.7166753409902697,0,0
